customer_id,date,category,amount
CUST-0326,2026-10-06,Shopping,15813.9
CUST-0066,2026-10-06,Transport,1024.11
CUST-0438,2026-10-06,Shopping,887.81
CUST-0370,2026-10-06,Groceries,1034.0
CUST-0463,2026-10-06,Entertainment,688.25
CUST-0207,2026-10-06,Travel,6833.65
CUST-0435,2026-10-06,Dining,4048.53
CUST-0353,2026-10-06,Transport,1176.85
CUST-0204,2026-10-06,Bills,5921.24
CUST-0353,2026-10-06,Bills,5827.08
CUST-0329,2026-10-06,Transport,5248.9
CUST-0493,2026-10-06,Groceries,1089.07
CUST-0373,2026-10-05,Groceries,2965.64
CUST-0002,2026-10-05,Bills,273.07
CUST-0236,2026-10-05,Dining,2362.35
CUST-0209,2026-10-05,Bills,654.81
CUST-0230,2026-10-04,Travel,209.8
CUST-0081,2026-10-04,Groceries,3163.94
CUST-0162,2026-10-04,Healthcare,2194.86
CUST-0371,2026-10-04,Bills,369.7
CUST-0277,2026-10-04,Groceries,2271.24
CUST-0456,2026-10-04,Dining,2534.05
CUST-0393,2026-10-04,Bills,720.96
CUST-0432,2026-10-04,Shopping,3432.91
CUST-0306,2026-10-04,Bills,1028.62
CUST-0379,2026-10-04,Healthcare,606.74
CUST-0259,2026-10-04,Dining,2549.58
CUST-0455,2026-10-03,Transport,2082.62
CUST-0212,2026-10-03,Entertainment,4360.63
CUST-0333,2026-10-03,Shopping,2046.04
CUST-0024,2026-10-03,Healthcare,360.84
CUST-0159,2026-10-03,Transport,3082.13
CUST-0217,2026-10-02,Groceries,884.36
CUST-0440,2026-10-02,Travel,1597.11
CUST-0337,2026-10-02,Bills,1330.39
CUST-0420,2026-10-02,Transport,1599.58
CUST-0158,2026-10-02,Shopping,990.41
CUST-0414,2026-10-02,Shopping,2334.53
CUST-0155,2026-10-02,Healthcare,9290.28
CUST-0374,2026-10-02,Bills,351.85
CUST-0461,2026-10-01,Bills,1143.64
CUST-0486,2026-10-01,Travel,1425.95
CUST-0437,2026-10-01,Dining,2137.33
CUST-0444,2026-10-01,Transport,6609.03
CUST-0372,2026-10-01,Transport,263.1
CUST-0324,2026-10-01,Bills,1482.3
CUST-0250,2026-10-01,Travel,2450.96
CUST-0439,2026-10-01,Transport,1214.87
CUST-0042,2026-10-01,Entertainment,20103.52
CUST-0085,2026-09-30,Groceries,6121.84
CUST-0152,2026-09-30,Shopping,14953.37
CUST-0234,2026-09-30,Dining,940.12
CUST-0150,2026-09-30,Groceries,6453.8
CUST-0384,2026-09-30,Bills,4740.88
CUST-0406,2026-09-30,Dining,2787.12
CUST-0141,2026-09-30,Shopping,394.05
CUST-0002,2026-09-30,Bills,3956.94
CUST-0143,2026-09-30,Travel,8644.87
CUST-0092,2026-09-29,Shopping,2059.4
CUST-0111,2026-09-29,Transport,1460.52
CUST-0441,2026-09-29,Dining,7759.9
CUST-0342,2026-09-29,Healthcare,5479.56
CUST-0459,2026-09-29,Shopping,3158.24
CUST-0189,2026-09-29,Groceries,159.2
CUST-0156,2026-09-29,Entertainment,5854.49
CUST-0013,2026-09-28,Travel,22687.04
CUST-0283,2026-09-28,Dining,2861.7
CUST-0183,2026-09-28,Groceries,450.33
CUST-0217,2026-09-28,Travel,35555.46
CUST-0327,2026-09-28,Travel,677.95
CUST-0178,2026-09-28,Groceries,1533.95
CUST-0113,2026-09-28,Healthcare,4606.81
CUST-0161,2026-09-28,Bills,499.16
CUST-0157,2026-09-27,Entertainment,1038.02
CUST-0493,2026-09-27,Shopping,1464.83
CUST-0096,2026-09-27,Bills,751.35
CUST-0444,2026-09-27,Groceries,688.28
CUST-0272,2026-09-27,Travel,1471.25
CUST-0387,2026-09-27,Dining,11095.92
CUST-0217,2026-09-26,Travel,1529.16
CUST-0437,2026-09-26,Groceries,324.48
CUST-0242,2026-09-26,Entertainment,1987.69
CUST-0294,2026-09-26,Shopping,573.2
CUST-0189,2026-09-26,Travel,2509.47
CUST-0430,2026-09-26,Shopping,564.34
CUST-0377,2026-09-26,Shopping,1480.02
CUST-0347,2026-09-26,Transport,1702.67
CUST-0279,2026-09-25,Shopping,3479.46
CUST-0271,2026-09-25,Groceries,19376.47
CUST-0292,2026-09-25,Healthcare,24235.22
CUST-0398,2026-09-25,Groceries,5085.4
CUST-0373,2026-09-25,Bills,1439.5
CUST-0479,2026-09-25,Groceries,5038.51
CUST-0020,2026-09-25,Bills,1661.7
CUST-0149,2026-09-25,Shopping,1171.16
CUST-0252,2026-09-25,Groceries,6579.13
CUST-0191,2026-09-24,Bills,4070.71
CUST-0007,2026-09-24,Shopping,1214.49
CUST-0015,2026-09-24,Groceries,657.16
CUST-0205,2026-09-24,Transport,2468.88
CUST-0259,2026-09-24,Dining,2363.75
CUST-0483,2026-09-24,Bills,1299.27
CUST-0113,2026-09-24,Shopping,1228.65
CUST-0340,2026-09-23,Healthcare,2396.93
CUST-0290,2026-09-23,Groceries,284.21
CUST-0222,2026-09-23,Groceries,4697.36
CUST-0447,2026-09-23,Transport,1160.86
CUST-0416,2026-09-23,Travel,2808.37
CUST-0270,2026-09-23,Shopping,570.5
CUST-0059,2026-09-23,Bills,717.68
CUST-0078,2026-09-23,Groceries,597.45
CUST-0291,2026-09-23,Entertainment,974.2
CUST-0042,2026-09-23,Groceries,191.69
CUST-0392,2026-09-23,Groceries,1109.28
CUST-0389,2026-09-23,Healthcare,1699.91
CUST-0240,2026-09-23,Groceries,1326.66
CUST-0474,2026-09-22,Dining,1724.17
CUST-0483,2026-09-22,Groceries,1762.39
CUST-0163,2026-09-22,Transport,1153.77
CUST-0079,2026-09-22,Groceries,977.51
CUST-0259,2026-09-22,Groceries,1858.92
CUST-0339,2026-09-22,Transport,643.0
CUST-0027,2026-09-22,Shopping,3067.99
CUST-0105,2026-09-22,Shopping,2913.83
CUST-0255,2026-09-22,Shopping,8437.57
CUST-0088,2026-09-22,Healthcare,1049.78
CUST-0469,2026-09-22,Dining,1348.87
CUST-0036,2026-09-22,Bills,2651.88
CUST-0422,2026-09-21,Dining,1035.37
CUST-0242,2026-09-21,Shopping,3493.45
CUST-0140,2026-09-21,Travel,681.03
CUST-0456,2026-09-21,Shopping,1429.37
CUST-0443,2026-09-21,Entertainment,3949.22
CUST-0456,2026-09-20,Travel,6975.89
CUST-0287,2026-09-20,Entertainment,3324.34
CUST-0057,2026-09-20,Entertainment,1362.19
CUST-0374,2026-09-20,Transport,3134.49
CUST-0128,2026-09-20,Bills,4331.54
CUST-0370,2026-09-20,Dining,3420.47
CUST-0083,2026-09-20,Dining,795.14
CUST-0138,2026-09-20,Bills,17234.32
CUST-0224,2026-09-20,Groceries,2347.83
CUST-0150,2026-09-19,Bills,481.27
CUST-0172,2026-09-19,Bills,1933.08
CUST-0132,2026-09-19,Shopping,2722.21
CUST-0223,2026-09-19,Groceries,1553.08
CUST-0028,2026-09-18,Groceries,1082.28
CUST-0405,2026-09-18,Shopping,1203.77
CUST-0257,2026-09-18,Transport,500.64
CUST-0081,2026-09-18,Groceries,431.8
CUST-0159,2026-09-18,Groceries,725.55
CUST-0324,2026-09-18,Dining,987.27
CUST-0361,2026-09-18,Groceries,14078.64
CUST-0268,2026-09-18,Bills,780.55
CUST-0296,2026-09-18,Travel,1528.82
CUST-0361,2026-09-18,Transport,1104.47
CUST-0238,2026-09-18,Groceries,2046.23
CUST-0140,2026-09-18,Groceries,4227.82
CUST-0140,2026-09-18,Shopping,1063.78
CUST-0265,2026-09-17,Healthcare,5430.47
CUST-0214,2026-09-17,Shopping,4492.03
CUST-0281,2026-09-17,Travel,529.06
CUST-0498,2026-09-17,Travel,3164.4
CUST-0168,2026-09-17,Transport,796.22
CUST-0141,2026-09-17,Travel,1583.44
CUST-0090,2026-09-16,Bills,2331.98
CUST-0371,2026-09-16,Transport,1557.54
CUST-0206,2026-09-16,Travel,2816.43
CUST-0367,2026-09-16,Groceries,395.0
CUST-0439,2026-09-16,Transport,6435.55
CUST-0324,2026-09-16,Shopping,1763.62
CUST-0125,2026-09-16,Transport,7781.25
CUST-0221,2026-09-16,Bills,1285.41
CUST-0140,2026-09-16,Healthcare,1344.98
CUST-0274,2026-09-16,Entertainment,8615.38
CUST-0065,2026-09-16,Shopping,4334.54
CUST-0171,2026-09-16,Bills,2105.27
CUST-0024,2026-09-15,Dining,4931.51
CUST-0428,2026-09-15,Groceries,2063.22
CUST-0396,2026-09-15,Entertainment,1051.04
CUST-0001,2026-09-15,Dining,9821.81
CUST-0218,2026-09-15,Bills,6998.66
CUST-0344,2026-09-15,Shopping,1167.87
CUST-0241,2026-09-15,Groceries,1804.73
CUST-0054,2026-09-14,Groceries,1170.66
CUST-0259,2026-09-14,Groceries,3323.29
CUST-0306,2026-09-14,Bills,7515.47
CUST-0387,2026-09-14,Shopping,4310.37
CUST-0345,2026-09-14,Groceries,4451.84
CUST-0350,2026-09-14,Groceries,1470.39
CUST-0029,2026-09-14,Bills,3585.69
CUST-0162,2026-09-14,Travel,2404.2
CUST-0082,2026-09-13,Dining,546.21
CUST-0225,2026-09-13,Healthcare,3923.44
CUST-0365,2026-09-13,Groceries,593.45
CUST-0038,2026-09-13,Dining,12501.07
CUST-0112,2026-09-13,Bills,1425.73
CUST-0026,2026-09-13,Dining,2874.93
CUST-0415,2026-09-13,Dining,1878.57
CUST-0083,2026-09-12,Dining,1458.75
CUST-0187,2026-09-12,Groceries,2361.41
CUST-0140,2026-09-12,Travel,1522.7
CUST-0123,2026-09-12,Shopping,2181.81
CUST-0146,2026-09-12,Transport,6289.7
CUST-0331,2026-09-12,Healthcare,2334.54
CUST-0498,2026-09-12,Transport,6898.96
CUST-0234,2026-09-12,Transport,1130.86
CUST-0432,2026-09-12,Bills,1599.49
CUST-0343,2026-09-12,Groceries,1527.41
CUST-0027,2026-09-11,Groceries,1970.81
CUST-0110,2026-09-11,Entertainment,760.49
CUST-0107,2026-09-11,Entertainment,596.71
CUST-0005,2026-09-11,Dining,370.57
CUST-0444,2026-09-11,Healthcare,864.3
CUST-0450,2026-09-11,Healthcare,46772.15
CUST-0149,2026-09-11,Groceries,690.93
CUST-0104,2026-09-10,Transport,7391.95
CUST-0010,2026-09-10,Groceries,1613.54
CUST-0211,2026-09-10,Entertainment,1257.8
CUST-0411,2026-09-10,Groceries,32320.17
CUST-0500,2026-09-10,Travel,7181.85
CUST-0145,2026-09-10,Shopping,3635.24
CUST-0195,2026-09-10,Shopping,914.52
CUST-0249,2026-09-10,Transport,281.73
CUST-0497,2026-09-10,Transport,1869.15
CUST-0442,2026-09-09,Shopping,4600.22
CUST-0428,2026-09-09,Dining,2653.11
CUST-0072,2026-09-09,Groceries,260.23
CUST-0499,2026-09-09,Bills,2472.85
CUST-0143,2026-09-09,Entertainment,685.13
CUST-0045,2026-09-09,Entertainment,1626.85
CUST-0476,2026-09-09,Bills,612.48
CUST-0360,2026-09-09,Groceries,4789.26
CUST-0023,2026-09-08,Shopping,2444.72
CUST-0226,2026-09-08,Dining,1795.96
CUST-0397,2026-09-08,Travel,1832.73
CUST-0287,2026-09-08,Entertainment,3444.72
CUST-0030,2026-09-08,Transport,18197.05
CUST-0400,2026-09-08,Transport,840.51
CUST-0004,2026-09-07,Bills,4750.37
CUST-0246,2026-09-07,Healthcare,3662.72
CUST-0438,2026-09-07,Transport,441.82
CUST-0495,2026-09-07,Groceries,11136.77
CUST-0348,2026-09-07,Groceries,1555.87
CUST-0333,2026-09-07,Dining,30055.99
CUST-0410,2026-09-07,Groceries,4366.83
CUST-0109,2026-09-07,Transport,7028.2
CUST-0122,2026-09-07,Groceries,164.91
CUST-0317,2026-09-06,Bills,3655.3
CUST-0098,2026-09-06,Healthcare,9278.18
CUST-0101,2026-09-06,Dining,3556.45
CUST-0157,2026-09-06,Bills,5217.23
CUST-0437,2026-09-05,Bills,9285.65
CUST-0222,2026-09-05,Transport,981.15
CUST-0301,2026-09-05,Travel,1184.05
CUST-0351,2026-09-05,Dining,1509.41
CUST-0365,2026-09-05,Shopping,904.57
CUST-0048,2026-09-05,Shopping,5577.4
CUST-0268,2026-09-05,Groceries,8125.5
CUST-0400,2026-09-04,Dining,1118.87
CUST-0460,2026-09-04,Bills,2784.54
CUST-0422,2026-09-04,Groceries,9938.6
CUST-0158,2026-09-04,Travel,1203.38
CUST-0019,2026-09-04,Bills,4857.37
CUST-0125,2026-09-04,Travel,573.5
CUST-0499,2026-09-04,Transport,561.68
CUST-0445,2026-09-04,Groceries,1469.06
CUST-0245,2026-09-04,Healthcare,2978.28
CUST-0085,2026-09-03,Bills,1292.0
CUST-0361,2026-09-03,Travel,5579.77
CUST-0257,2026-09-03,Bills,944.99
CUST-0249,2026-09-03,Bills,3076.19
CUST-0127,2026-09-02,Transport,1851.07
CUST-0098,2026-09-02,Groceries,4332.05
CUST-0293,2026-09-02,Dining,10668.23
CUST-0325,2026-09-02,Transport,5137.12
CUST-0254,2026-09-02,Bills,5055.2
CUST-0174,2026-09-02,Healthcare,4521.47
CUST-0096,2026-09-02,Travel,252.97
CUST-0171,2026-09-02,Bills,959.5
CUST-0439,2026-09-02,Healthcare,3713.47
CUST-0439,2026-09-02,Dining,1989.65
CUST-0236,2026-09-02,Bills,1983.4
CUST-0045,2026-09-01,Groceries,333.85
CUST-0252,2026-09-01,Travel,2490.17
CUST-0476,2026-09-01,Bills,26509.63
CUST-0188,2026-09-01,Shopping,832.79
CUST-0379,2026-09-01,Groceries,1196.73
CUST-0098,2026-09-01,Transport,8726.34
CUST-0249,2026-09-01,Shopping,10307.96
CUST-0272,2026-09-01,Groceries,259.05
CUST-0118,2026-09-01,Shopping,2732.96
CUST-0099,2026-09-01,Dining,12287.92
CUST-0420,2026-09-01,Dining,1474.39
CUST-0018,2026-09-01,Travel,7669.18
CUST-0488,2026-09-01,Dining,1525.9
CUST-0015,2026-09-01,Bills,3841.49
CUST-0282,2026-09-01,Groceries,240.69
CUST-0368,2026-08-31,Groceries,9717.14
CUST-0133,2026-08-31,Travel,1540.2
CUST-0156,2026-08-31,Groceries,2056.35
CUST-0324,2026-08-31,Transport,1105.74
CUST-0103,2026-08-31,Shopping,2950.17
CUST-0257,2026-08-31,Bills,2445.8
CUST-0275,2026-08-30,Groceries,478.65
CUST-0132,2026-08-30,Shopping,4701.0
CUST-0314,2026-08-30,Shopping,532.26
CUST-0336,2026-08-30,Dining,6199.48
CUST-0489,2026-08-30,Travel,1294.7
CUST-0467,2026-08-30,Bills,1013.59
CUST-0127,2026-08-29,Bills,2043.46
CUST-0108,2026-08-29,Shopping,4074.24
CUST-0149,2026-08-29,Bills,504.57
CUST-0255,2026-08-29,Dining,4008.15
CUST-0346,2026-08-29,Transport,1286.79
CUST-0330,2026-08-29,Healthcare,1960.63
CUST-0153,2026-08-29,Groceries,527.49
CUST-0143,2026-08-29,Travel,1949.83
CUST-0398,2026-08-29,Groceries,2086.96
CUST-0253,2026-08-29,Groceries,8212.16
CUST-0456,2026-08-29,Transport,643.55
CUST-0244,2026-08-29,Bills,12390.67
CUST-0146,2026-08-29,Groceries,3498.09
CUST-0448,2026-08-28,Transport,15293.5
CUST-0086,2026-08-28,Healthcare,1972.62
CUST-0305,2026-08-28,Shopping,5878.51
CUST-0022,2026-08-28,Travel,3070.89
CUST-0154,2026-08-28,Groceries,2106.53
CUST-0113,2026-08-28,Groceries,777.32
CUST-0250,2026-08-28,Dining,3524.16
CUST-0482,2026-08-28,Groceries,8217.73
CUST-0053,2026-08-28,Healthcare,198.03
CUST-0198,2026-08-28,Healthcare,574.46
CUST-0080,2026-08-28,Bills,4576.47
CUST-0257,2026-08-27,Shopping,2319.38
CUST-0061,2026-08-27,Shopping,2202.6
CUST-0463,2026-08-27,Healthcare,2539.56
CUST-0270,2026-08-27,Groceries,6599.85
CUST-0237,2026-08-27,Entertainment,614.09
CUST-0045,2026-08-26,Healthcare,2341.2
CUST-0257,2026-08-26,Groceries,2273.18
CUST-0361,2026-08-26,Shopping,2001.67
CUST-0263,2026-08-26,Dining,2998.17
CUST-0145,2026-08-26,Healthcare,943.52
CUST-0406,2026-08-26,Transport,1239.63
CUST-0026,2026-08-26,Travel,3504.19
CUST-0415,2026-08-26,Bills,1392.46
CUST-0479,2026-08-26,Bills,1789.36
CUST-0407,2026-08-25,Entertainment,6801.26
CUST-0173,2026-08-25,Shopping,2217.08
CUST-0440,2026-08-25,Bills,1368.33
CUST-0203,2026-08-25,Bills,16574.83
CUST-0407,2026-08-25,Healthcare,1205.18
CUST-0306,2026-08-25,Groceries,168.38
CUST-0057,2026-08-25,Travel,662.41
CUST-0398,2026-08-25,Bills,2158.91
CUST-0215,2026-08-24,Entertainment,4438.64
CUST-0268,2026-08-24,Groceries,594.45
CUST-0354,2026-08-24,Shopping,480.24
CUST-0401,2026-08-24,Bills,2731.17
CUST-0155,2026-08-24,Bills,15570.39
CUST-0431,2026-08-24,Shopping,354.28
CUST-0246,2026-08-24,Shopping,2952.64
CUST-0262,2026-08-23,Dining,4571.87
CUST-0438,2026-08-23,Transport,1501.6
CUST-0004,2026-08-23,Bills,2887.79
CUST-0444,2026-08-23,Travel,873.86
CUST-0094,2026-08-23,Bills,435.99
CUST-0156,2026-08-23,Bills,1770.06
CUST-0441,2026-08-23,Shopping,1474.71
CUST-0267,2026-08-23,Groceries,7702.05
CUST-0047,2026-08-23,Transport,590.91
CUST-0148,2026-08-22,Healthcare,797.37
CUST-0141,2026-08-22,Groceries,1250.16
CUST-0089,2026-08-22,Groceries,14247.65
CUST-0342,2026-08-22,Groceries,4021.52
CUST-0046,2026-08-22,Groceries,2290.88
CUST-0243,2026-08-22,Bills,1060.26
CUST-0394,2026-08-22,Transport,1246.71
CUST-0335,2026-08-22,Groceries,822.43
CUST-0204,2026-08-22,Groceries,2192.49
CUST-0016,2026-08-21,Shopping,1929.92
CUST-0172,2026-08-21,Shopping,4430.32
CUST-0327,2026-08-21,Bills,112.85
CUST-0456,2026-08-21,Groceries,415.77
CUST-0476,2026-08-21,Bills,2533.44
CUST-0058,2026-08-21,Bills,1289.18
CUST-0304,2026-08-21,Groceries,2637.76
CUST-0378,2026-08-21,Dining,820.01
CUST-0009,2026-08-20,Groceries,4613.68
CUST-0385,2026-08-20,Healthcare,1308.05
CUST-0094,2026-08-20,Transport,12016.26
CUST-0288,2026-08-20,Dining,8095.48
CUST-0019,2026-08-20,Transport,818.63
CUST-0255,2026-08-20,Shopping,1050.79
CUST-0438,2026-08-20,Groceries,12122.4
CUST-0312,2026-08-20,Bills,1158.88
CUST-0242,2026-08-20,Bills,699.72
CUST-0390,2026-08-19,Dining,6184.25
CUST-0086,2026-08-19,Entertainment,6077.53
CUST-0294,2026-08-19,Healthcare,17495.47
CUST-0354,2026-08-19,Dining,5621.42
CUST-0310,2026-08-19,Dining,14314.5
CUST-0054,2026-08-19,Entertainment,709.55
CUST-0019,2026-08-19,Healthcare,8302.07
CUST-0111,2026-08-19,Entertainment,3524.95
CUST-0460,2026-08-19,Entertainment,776.8
CUST-0457,2026-08-19,Travel,1600.3
CUST-0446,2026-08-18,Shopping,659.85
CUST-0373,2026-08-18,Shopping,520.98
CUST-0165,2026-08-18,Dining,1043.86
CUST-0307,2026-08-18,Groceries,1561.1
CUST-0436,2026-08-18,Dining,205.23
CUST-0208,2026-08-18,Transport,4936.5
CUST-0151,2026-08-18,Entertainment,902.28
CUST-0456,2026-08-18,Transport,1441.52
CUST-0034,2026-08-18,Groceries,4999.23
CUST-0083,2026-08-18,Travel,2095.91
CUST-0401,2026-08-18,Shopping,26802.37
CUST-0281,2026-08-17,Shopping,3377.61
CUST-0025,2026-08-17,Travel,5210.36
CUST-0256,2026-08-17,Dining,1871.82
CUST-0270,2026-08-17,Dining,1567.21
CUST-0100,2026-08-17,Transport,541.91
CUST-0266,2026-08-17,Groceries,2649.24
CUST-0421,2026-08-17,Shopping,3641.21
CUST-0180,2026-08-17,Entertainment,618.43
CUST-0401,2026-08-17,Dining,277.6
CUST-0281,2026-08-17,Shopping,5883.23
CUST-0035,2026-08-17,Bills,418.48
CUST-0288,2026-08-16,Travel,810.82
CUST-0017,2026-08-16,Healthcare,217.82
CUST-0297,2026-08-16,Healthcare,895.02
CUST-0493,2026-08-16,Travel,1631.49
CUST-0351,2026-08-16,Shopping,2639.22
CUST-0464,2026-08-16,Groceries,610.65
CUST-0017,2026-08-16,Dining,297.12
CUST-0024,2026-08-16,Dining,3615.66
CUST-0424,2026-08-16,Shopping,243.18
CUST-0133,2026-08-15,Healthcare,1529.99
CUST-0365,2026-08-15,Dining,3303.09
CUST-0002,2026-08-15,Transport,497.33
CUST-0077,2026-08-15,Travel,24454.28
CUST-0490,2026-08-15,Groceries,2463.43
CUST-0424,2026-08-15,Bills,950.45
CUST-0274,2026-08-14,Dining,235.58
CUST-0292,2026-08-14,Transport,3939.35
CUST-0299,2026-08-14,Healthcare,1421.08
CUST-0392,2026-08-14,Shopping,2659.25
CUST-0295,2026-08-14,Bills,343.0
CUST-0178,2026-08-14,Bills,2671.18
CUST-0244,2026-08-14,Groceries,425.12
CUST-0362,2026-08-14,Groceries,1053.04
CUST-0439,2026-08-14,Dining,1897.77
CUST-0385,2026-08-13,Dining,1634.01
CUST-0264,2026-08-13,Dining,10403.79
CUST-0381,2026-08-13,Bills,10090.18
CUST-0486,2026-08-13,Travel,2458.51
CUST-0500,2026-08-13,Groceries,1436.38
CUST-0187,2026-08-13,Bills,3072.99
CUST-0346,2026-08-12,Shopping,3822.94
CUST-0367,2026-08-12,Dining,10352.99
CUST-0424,2026-08-12,Shopping,3025.56
CUST-0360,2026-08-12,Groceries,6563.22
CUST-0086,2026-08-12,Dining,1633.91
CUST-0364,2026-08-12,Bills,353.71
CUST-0316,2026-08-12,Entertainment,1655.07
CUST-0282,2026-08-12,Entertainment,2875.31
CUST-0145,2026-08-11,Bills,918.74
CUST-0006,2026-08-11,Transport,350.14
CUST-0059,2026-08-11,Transport,592.48
CUST-0163,2026-08-11,Bills,4757.47
CUST-0172,2026-08-11,Dining,1824.43
CUST-0129,2026-08-10,Entertainment,2292.6
CUST-0481,2026-08-10,Transport,528.15
CUST-0387,2026-08-10,Travel,9557.99
CUST-0423,2026-08-10,Dining,11065.44
CUST-0094,2026-08-10,Transport,2544.04
CUST-0392,2026-08-10,Shopping,568.2
CUST-0019,2026-08-10,Transport,2258.59
CUST-0039,2026-08-10,Dining,5744.85
CUST-0490,2026-08-10,Groceries,1878.45
CUST-0016,2026-08-09,Entertainment,426.08
CUST-0151,2026-08-09,Transport,719.73
CUST-0347,2026-08-09,Dining,2496.09
CUST-0351,2026-08-09,Shopping,2900.49
CUST-0009,2026-08-09,Dining,17115.75
CUST-0450,2026-08-09,Dining,948.73
CUST-0004,2026-08-09,Groceries,340.97
CUST-0233,2026-08-09,Transport,1381.59
CUST-0356,2026-08-09,Groceries,510.05
CUST-0456,2026-08-08,Bills,3674.94
CUST-0198,2026-08-08,Dining,500.76
CUST-0474,2026-08-08,Entertainment,340.15
CUST-0092,2026-08-08,Groceries,1790.4
CUST-0284,2026-08-08,Bills,713.43
CUST-0197,2026-08-08,Groceries,8018.17
CUST-0316,2026-08-07,Shopping,8302.58
CUST-0451,2026-08-07,Groceries,1506.79
CUST-0123,2026-08-07,Bills,2811.39
CUST-0407,2026-08-07,Bills,1424.9
CUST-0185,2026-08-07,Groceries,887.87
CUST-0420,2026-08-07,Shopping,675.57
CUST-0433,2026-08-07,Transport,3830.8
CUST-0485,2026-08-07,Dining,1123.93
CUST-0143,2026-08-07,Transport,2313.16
CUST-0323,2026-08-07,Dining,3624.59
CUST-0149,2026-08-07,Healthcare,1959.77
CUST-0346,2026-08-06,Dining,536.22
CUST-0016,2026-08-06,Groceries,2306.24
CUST-0363,2026-08-06,Dining,1197.74
CUST-0215,2026-08-06,Healthcare,14002.96
CUST-0431,2026-08-06,Groceries,2224.59
CUST-0176,2026-08-05,Transport,17731.62
CUST-0336,2026-08-05,Dining,2126.5
CUST-0100,2026-08-05,Shopping,1771.8
CUST-0260,2026-08-05,Entertainment,1454.48
CUST-0191,2026-08-05,Bills,1788.32
CUST-0395,2026-08-05,Groceries,1224.22
CUST-0111,2026-08-05,Dining,3270.68
CUST-0147,2026-08-04,Transport,987.51
CUST-0424,2026-08-04,Dining,742.52
CUST-0168,2026-08-04,Groceries,1208.15
CUST-0319,2026-08-04,Bills,1313.85
CUST-0186,2026-08-04,Dining,518.96
CUST-0264,2026-08-04,Transport,889.47
CUST-0481,2026-08-04,Entertainment,4279.42
CUST-0459,2026-08-04,Shopping,830.29
CUST-0499,2026-08-04,Groceries,7393.71
CUST-0218,2026-08-04,Dining,366.27
CUST-0454,2026-08-04,Travel,440.39
CUST-0301,2026-08-03,Groceries,17735.73
CUST-0093,2026-08-03,Shopping,1156.21
CUST-0351,2026-08-03,Entertainment,1871.0
CUST-0180,2026-08-03,Bills,2290.94
CUST-0237,2026-08-03,Bills,981.52
CUST-0004,2026-08-03,Transport,1827.59
CUST-0381,2026-08-03,Shopping,2229.49
CUST-0292,2026-08-03,Healthcare,5416.46
CUST-0238,2026-08-03,Travel,1970.33
CUST-0317,2026-08-03,Dining,2586.96
CUST-0233,2026-08-03,Dining,4293.9
CUST-0170,2026-08-02,Bills,269.63
CUST-0237,2026-08-02,Groceries,10578.23
CUST-0276,2026-08-02,Groceries,901.61
CUST-0113,2026-08-02,Travel,617.77
CUST-0162,2026-08-02,Travel,1368.44
CUST-0052,2026-08-02,Shopping,223.47
CUST-0301,2026-08-02,Healthcare,777.13
CUST-0105,2026-08-02,Dining,2791.38
CUST-0121,2026-08-02,Groceries,1758.96
CUST-0053,2026-08-02,Travel,5854.59
CUST-0499,2026-08-02,Dining,472.36
CUST-0475,2026-08-01,Bills,207.49
CUST-0095,2026-08-01,Transport,1645.63
CUST-0041,2026-08-01,Transport,1383.34
CUST-0363,2026-08-01,Dining,2162.64
CUST-0255,2026-08-01,Groceries,2831.35
CUST-0376,2026-08-01,Bills,2999.68
CUST-0433,2026-08-01,Bills,3638.34
CUST-0141,2026-08-01,Healthcare,2493.19
CUST-0053,2026-08-01,Bills,3478.59
CUST-0491,2026-07-31,Bills,513.99
CUST-0131,2026-07-31,Shopping,10906.75
CUST-0128,2026-07-31,Groceries,8084.48
CUST-0002,2026-07-31,Transport,828.39
CUST-0343,2026-07-31,Bills,3184.69
CUST-0433,2026-07-30,Travel,4723.59
CUST-0225,2026-07-30,Transport,674.24
CUST-0201,2026-07-30,Groceries,1986.99
CUST-0146,2026-07-30,Travel,2151.21
CUST-0060,2026-07-30,Shopping,1110.63
CUST-0224,2026-07-30,Dining,3041.32
CUST-0286,2026-07-29,Transport,2932.56
CUST-0125,2026-07-29,Dining,274.4
CUST-0215,2026-07-29,Groceries,4112.66
CUST-0139,2026-07-29,Shopping,111.64
CUST-0313,2026-07-29,Shopping,1083.33
CUST-0202,2026-07-29,Travel,6114.97
CUST-0314,2026-07-29,Shopping,1445.38
CUST-0249,2026-07-29,Groceries,956.6
CUST-0122,2026-07-29,Shopping,486.86
CUST-0248,2026-07-28,Dining,1986.75
CUST-0179,2026-07-28,Entertainment,576.58
CUST-0206,2026-07-28,Bills,1223.66
CUST-0063,2026-07-28,Entertainment,5319.37
CUST-0150,2026-07-28,Groceries,2226.37
CUST-0430,2026-07-28,Dining,2020.08
CUST-0240,2026-07-28,Dining,759.46
CUST-0229,2026-07-28,Transport,1629.44
CUST-0200,2026-07-28,Shopping,5830.28
CUST-0315,2026-07-28,Travel,488.63
CUST-0280,2026-07-28,Dining,486.91
CUST-0121,2026-07-27,Bills,987.63
CUST-0155,2026-07-27,Groceries,938.08
CUST-0006,2026-07-27,Groceries,1698.63
CUST-0336,2026-07-27,Bills,622.23
CUST-0309,2026-07-27,Groceries,1102.9
CUST-0249,2026-07-27,Shopping,4194.43
CUST-0103,2026-07-27,Healthcare,1282.43
CUST-0497,2026-07-27,Travel,742.5
CUST-0486,2026-07-27,Entertainment,3531.71
CUST-0236,2026-07-26,Dining,9084.13
CUST-0360,2026-07-26,Entertainment,4612.94
CUST-0263,2026-07-26,Healthcare,1454.66
CUST-0090,2026-07-26,Healthcare,6282.92
CUST-0072,2026-07-26,Travel,1953.6
CUST-0311,2026-07-26,Groceries,658.36
CUST-0494,2026-07-26,Entertainment,544.37
CUST-0036,2026-07-26,Shopping,2140.77
CUST-0203,2026-07-25,Shopping,7814.23
CUST-0410,2026-07-25,Shopping,377.49
CUST-0021,2026-07-25,Shopping,3583.42
CUST-0372,2026-07-25,Shopping,2142.94
CUST-0350,2026-07-25,Travel,6387.69
CUST-0146,2026-07-25,Entertainment,2503.65
CUST-0056,2026-07-24,Bills,4680.76
CUST-0175,2026-07-24,Bills,9615.93
CUST-0261,2026-07-24,Bills,6270.44
CUST-0199,2026-07-24,Entertainment,22180.51
CUST-0174,2026-07-24,Groceries,1820.73
CUST-0469,2026-07-24,Shopping,1135.72
CUST-0373,2026-07-24,Travel,3286.81
CUST-0098,2026-07-23,Travel,2328.05
CUST-0341,2026-07-23,Groceries,5647.37
CUST-0358,2026-07-23,Healthcare,260.32
CUST-0399,2026-07-23,Healthcare,969.42
CUST-0189,2026-07-23,Shopping,890.69
CUST-0457,2026-07-23,Dining,3501.1
CUST-0040,2026-07-23,Groceries,6068.57
CUST-0164,2026-07-23,Transport,7523.88
CUST-0071,2026-07-23,Dining,1606.06
CUST-0243,2026-07-22,Shopping,5487.04
CUST-0375,2026-07-22,Groceries,2185.02
CUST-0236,2026-07-22,Groceries,7039.88
CUST-0161,2026-07-22,Groceries,1942.53
CUST-0077,2026-07-22,Travel,4271.74
CUST-0280,2026-07-22,Groceries,1788.79
CUST-0274,2026-07-22,Travel,1416.31
CUST-0485,2026-07-22,Shopping,2835.5
CUST-0276,2026-07-22,Bills,4329.48
CUST-0075,2026-07-22,Bills,3592.27
CUST-0488,2026-07-22,Healthcare,8427.29
CUST-0025,2026-07-21,Healthcare,970.27
CUST-0213,2026-07-21,Dining,6037.32
CUST-0376,2026-07-21,Shopping,2552.84
CUST-0393,2026-07-21,Entertainment,1443.49
CUST-0077,2026-07-21,Groceries,3737.62
CUST-0145,2026-07-21,Transport,1425.89
CUST-0467,2026-07-21,Shopping,844.93
CUST-0115,2026-07-21,Shopping,807.22
CUST-0363,2026-07-21,Groceries,5933.15
CUST-0116,2026-07-20,Bills,1352.15
CUST-0384,2026-07-20,Groceries,1763.75
CUST-0109,2026-07-20,Groceries,275.98
CUST-0463,2026-07-20,Dining,778.8
CUST-0303,2026-07-20,Healthcare,3346.75
CUST-0100,2026-07-19,Bills,1945.41
CUST-0208,2026-07-19,Bills,3156.29
CUST-0193,2026-07-19,Healthcare,3394.36
CUST-0474,2026-07-19,Dining,2350.66
CUST-0212,2026-07-19,Groceries,1521.77
CUST-0087,2026-07-19,Healthcare,2025.1
CUST-0241,2026-07-19,Dining,1800.63
CUST-0436,2026-07-19,Dining,289.0
CUST-0197,2026-07-19,Bills,16025.4
CUST-0426,2026-07-19,Shopping,3912.54
CUST-0340,2026-07-19,Groceries,1277.61
CUST-0002,2026-07-19,Entertainment,940.62
CUST-0466,2026-07-19,Shopping,4277.45
CUST-0207,2026-07-19,Healthcare,3381.98
CUST-0061,2026-07-18,Bills,9127.66
CUST-0182,2026-07-18,Shopping,379.19
CUST-0248,2026-07-18,Groceries,540.61
CUST-0465,2026-07-18,Entertainment,1301.79
CUST-0114,2026-07-18,Dining,164.34
CUST-0146,2026-07-18,Bills,12948.83
CUST-0226,2026-07-18,Healthcare,6144.64
CUST-0411,2026-07-17,Dining,1606.35
CUST-0446,2026-07-17,Shopping,154.25
CUST-0142,2026-07-17,Bills,433.97
CUST-0178,2026-07-17,Bills,248.31
CUST-0099,2026-07-17,Healthcare,748.03
CUST-0388,2026-07-17,Groceries,7628.48
CUST-0117,2026-07-17,Dining,1710.27
CUST-0105,2026-07-17,Dining,10258.81
CUST-0190,2026-07-17,Dining,3925.48
CUST-0225,2026-07-17,Groceries,1311.53
CUST-0143,2026-07-17,Dining,431.63
CUST-0154,2026-07-17,Groceries,2140.75
CUST-0432,2026-07-17,Transport,917.28
CUST-0378,2026-07-17,Travel,5309.24
CUST-0172,2026-07-16,Bills,1531.0
CUST-0385,2026-07-16,Bills,1086.27
CUST-0133,2026-07-16,Healthcare,764.49
CUST-0454,2026-07-16,Dining,165.25
CUST-0384,2026-07-16,Groceries,5934.88
CUST-0060,2026-07-16,Groceries,5509.7
CUST-0159,2026-07-15,Shopping,829.3
CUST-0450,2026-07-15,Shopping,1230.22
CUST-0122,2026-07-15,Groceries,15314.87
CUST-0471,2026-07-15,Shopping,2302.62
CUST-0491,2026-07-15,Transport,2858.34
CUST-0150,2026-07-15,Transport,1035.47
CUST-0218,2026-07-14,Bills,4715.03
CUST-0353,2026-07-14,Groceries,515.73
CUST-0061,2026-07-14,Travel,2636.89
CUST-0366,2026-07-14,Dining,739.31
CUST-0025,2026-07-14,Groceries,409.45
CUST-0319,2026-07-14,Dining,871.35
CUST-0347,2026-07-14,Shopping,894.91
CUST-0130,2026-07-14,Shopping,1522.81
CUST-0301,2026-07-14,Healthcare,916.97
CUST-0090,2026-07-14,Groceries,7831.45
CUST-0114,2026-07-13,Shopping,978.51
CUST-0450,2026-07-13,Dining,2677.92
CUST-0296,2026-07-13,Transport,12719.9
CUST-0329,2026-07-13,Bills,2631.25
CUST-0012,2026-07-12,Dining,2242.86
CUST-0046,2026-07-12,Transport,1327.52
CUST-0365,2026-07-12,Shopping,969.15
CUST-0312,2026-07-12,Transport,3298.6
CUST-0463,2026-07-12,Travel,5698.14
CUST-0145,2026-07-12,Entertainment,2034.33
CUST-0490,2026-07-12,Travel,523.28
CUST-0020,2026-07-12,Dining,756.43
CUST-0297,2026-07-12,Bills,767.78
CUST-0294,2026-07-11,Dining,1993.15
CUST-0252,2026-07-11,Dining,4391.62
CUST-0335,2026-07-11,Entertainment,449.66
CUST-0070,2026-07-11,Transport,3681.96
CUST-0435,2026-07-11,Entertainment,1614.61
CUST-0349,2026-07-11,Bills,790.59
CUST-0326,2026-07-11,Bills,931.67
CUST-0064,2026-07-11,Bills,681.75
CUST-0259,2026-07-11,Transport,13492.76
CUST-0247,2026-07-11,Dining,3488.39
CUST-0321,2026-07-11,Dining,329.14
CUST-0099,2026-07-10,Groceries,2077.2
CUST-0355,2026-07-10,Dining,12272.89
CUST-0401,2026-07-10,Groceries,3633.64
CUST-0109,2026-07-10,Groceries,6085.59
CUST-0053,2026-07-10,Groceries,11291.95
CUST-0218,2026-07-10,Dining,1842.1
CUST-0078,2026-07-10,Dining,475.02
CUST-0154,2026-07-10,Healthcare,4149.94
CUST-0197,2026-07-09,Travel,320.45
CUST-0447,2026-07-09,Groceries,2615.6
CUST-0288,2026-07-09,Entertainment,4042.34
CUST-0041,2026-07-09,Healthcare,1394.92
CUST-0363,2026-07-09,Groceries,7519.85
CUST-0060,2026-07-09,Transport,2326.08
CUST-0093,2026-07-09,Bills,2242.52
CUST-0336,2026-07-08,Dining,2806.56
CUST-0397,2026-07-08,Dining,1662.21
CUST-0494,2026-07-08,Shopping,3372.29
CUST-0362,2026-07-08,Transport,3289.72
CUST-0468,2026-07-08,Bills,2404.68
CUST-0404,2026-07-08,Bills,1140.41
CUST-0008,2026-07-08,Dining,3128.15
CUST-0122,2026-07-07,Shopping,418.77
CUST-0450,2026-07-07,Shopping,6775.92
CUST-0224,2026-07-07,Entertainment,1170.58
CUST-0191,2026-07-07,Travel,20537.79
CUST-0056,2026-07-07,Dining,715.48
CUST-0274,2026-07-07,Bills,4336.86
CUST-0422,2026-07-07,Dining,836.31
CUST-0499,2026-07-07,Groceries,1629.74
CUST-0054,2026-07-06,Groceries,4077.41
CUST-0297,2026-07-06,Groceries,2047.3
CUST-0303,2026-07-06,Groceries,14384.71
CUST-0062,2026-07-06,Transport,503.05
CUST-0268,2026-07-06,Shopping,552.34
CUST-0354,2026-07-06,Transport,1304.82
CUST-0128,2026-07-06,Travel,15831.59
CUST-0239,2026-07-06,Dining,982.42
CUST-0363,2026-07-05,Healthcare,3220.67
CUST-0190,2026-07-05,Groceries,499.16
CUST-0498,2026-07-05,Dining,2289.37
CUST-0290,2026-07-05,Groceries,3296.4
CUST-0121,2026-07-05,Entertainment,4580.66
CUST-0004,2026-07-05,Shopping,5942.6
CUST-0251,2026-07-05,Travel,1572.12
CUST-0008,2026-07-05,Dining,570.33
CUST-0440,2026-07-05,Bills,6093.93
CUST-0226,2026-07-05,Groceries,1720.51
CUST-0401,2026-07-05,Groceries,6027.35
CUST-0355,2026-07-05,Shopping,9403.09
CUST-0434,2026-07-05,Groceries,1266.6
CUST-0451,2026-07-04,Groceries,1138.22
CUST-0218,2026-07-04,Travel,2803.2
CUST-0440,2026-07-04,Transport,433.82
CUST-0427,2026-07-04,Dining,3492.61
CUST-0199,2026-07-04,Travel,2352.18
CUST-0182,2026-07-04,Shopping,1088.63
CUST-0424,2026-07-03,Shopping,1199.72
CUST-0477,2026-07-03,Shopping,2002.9
CUST-0207,2026-07-03,Shopping,1615.64
CUST-0058,2026-07-03,Groceries,407.76
CUST-0329,2026-07-03,Bills,5641.82
CUST-0007,2026-07-03,Shopping,1016.17
CUST-0420,2026-07-03,Bills,1099.82
CUST-0479,2026-07-03,Dining,705.38
CUST-0394,2026-07-02,Dining,871.62
CUST-0461,2026-07-02,Travel,2961.97
CUST-0069,2026-07-02,Bills,6750.28
CUST-0159,2026-07-02,Groceries,424.24
CUST-0132,2026-07-02,Travel,12265.87
CUST-0359,2026-07-02,Travel,475.9
CUST-0150,2026-07-02,Healthcare,548.44
CUST-0219,2026-07-02,Groceries,4955.85
CUST-0413,2026-07-02,Transport,1722.66
CUST-0413,2026-07-01,Travel,821.29
CUST-0008,2026-07-01,Entertainment,4801.14
CUST-0296,2026-07-01,Bills,18517.78
CUST-0111,2026-07-01,Entertainment,5428.54
CUST-0170,2026-07-01,Shopping,994.83
CUST-0153,2026-07-01,Travel,2434.56
CUST-0346,2026-07-01,Dining,8357.85
CUST-0388,2026-07-01,Groceries,1843.2
CUST-0407,2026-07-01,Dining,927.48
CUST-0154,2026-06-30,Entertainment,1436.64
CUST-0289,2026-06-30,Dining,3725.91
CUST-0359,2026-06-30,Bills,2868.8
CUST-0480,2026-06-30,Groceries,2107.01
CUST-0371,2026-06-30,Groceries,276.65
CUST-0201,2026-06-30,Transport,707.61
CUST-0327,2026-06-30,Entertainment,4506.71
CUST-0430,2026-06-30,Healthcare,2414.04
CUST-0490,2026-06-29,Transport,3388.89
CUST-0466,2026-06-29,Dining,304.76
CUST-0344,2026-06-29,Bills,429.77
CUST-0415,2026-06-29,Shopping,7701.97
CUST-0402,2026-06-29,Travel,364.53
CUST-0109,2026-06-29,Travel,1045.8
CUST-0189,2026-06-29,Bills,771.6
CUST-0121,2026-06-29,Groceries,820.08
CUST-0218,2026-06-29,Bills,12944.17
CUST-0320,2026-06-28,Groceries,2645.7
CUST-0073,2026-06-28,Bills,1563.49
CUST-0491,2026-06-28,Travel,1980.13
CUST-0401,2026-06-28,Travel,535.25
CUST-0386,2026-06-28,Dining,483.2
CUST-0312,2026-06-27,Groceries,1978.29
CUST-0378,2026-06-27,Transport,1067.82
CUST-0274,2026-06-27,Groceries,3963.88
CUST-0163,2026-06-27,Groceries,2962.81
CUST-0178,2026-06-27,Travel,95.54
CUST-0465,2026-06-27,Dining,877.35
CUST-0435,2026-06-27,Dining,17538.52
CUST-0447,2026-06-27,Dining,5446.45
CUST-0104,2026-06-27,Shopping,779.1
CUST-0322,2026-06-27,Dining,2412.45
CUST-0342,2026-06-26,Shopping,332.86
CUST-0365,2026-06-26,Shopping,8043.56
CUST-0474,2026-06-26,Shopping,893.02
CUST-0128,2026-06-26,Travel,1088.03
CUST-0462,2026-06-26,Dining,342.99
CUST-0266,2026-06-26,Transport,1296.05
CUST-0062,2026-06-26,Travel,1563.48
CUST-0305,2026-06-26,Travel,2566.61
CUST-0031,2026-06-26,Healthcare,4250.61
CUST-0472,2026-06-26,Dining,644.33
CUST-0309,2026-06-26,Dining,5153.41
CUST-0105,2026-06-26,Entertainment,7227.88
CUST-0276,2026-06-26,Groceries,896.38
CUST-0135,2026-06-25,Entertainment,149.18
CUST-0420,2026-06-25,Groceries,861.64
CUST-0086,2026-06-25,Dining,788.78
CUST-0336,2026-06-25,Bills,4907.2
CUST-0399,2026-06-25,Groceries,1358.23
CUST-0077,2026-06-25,Healthcare,628.19
CUST-0148,2026-06-25,Travel,230.0
CUST-0082,2026-06-25,Dining,7227.2
CUST-0263,2026-06-25,Shopping,1764.14
CUST-0421,2026-06-25,Travel,2043.03
CUST-0148,2026-06-25,Bills,5312.78
CUST-0259,2026-06-25,Travel,6911.98
CUST-0455,2026-06-24,Shopping,1565.51
CUST-0216,2026-06-24,Dining,1208.71
CUST-0229,2026-06-24,Shopping,11496.72
CUST-0292,2026-06-24,Dining,1619.13
CUST-0241,2026-06-24,Groceries,1865.28
CUST-0283,2026-06-24,Dining,3935.41
CUST-0339,2026-06-24,Dining,14933.12
CUST-0433,2026-06-24,Entertainment,1033.4
CUST-0102,2026-06-24,Groceries,603.33
CUST-0076,2026-06-24,Bills,1866.29
CUST-0022,2026-06-24,Groceries,1853.91
CUST-0189,2026-06-23,Healthcare,647.83
CUST-0066,2026-06-23,Groceries,3170.66
CUST-0459,2026-06-22,Travel,1894.89
CUST-0048,2026-06-22,Groceries,3262.77
CUST-0365,2026-06-22,Dining,3361.36
CUST-0183,2026-06-22,Travel,1284.49
CUST-0430,2026-06-22,Healthcare,2370.11
CUST-0245,2026-06-22,Groceries,605.56
CUST-0289,2026-06-22,Dining,1466.24
CUST-0399,2026-06-22,Shopping,2984.72
CUST-0439,2026-06-22,Shopping,853.3
CUST-0018,2026-06-21,Travel,4664.97
CUST-0209,2026-06-21,Shopping,798.35
CUST-0011,2026-06-21,Shopping,1275.52
CUST-0224,2026-06-21,Groceries,3055.27
CUST-0018,2026-06-21,Bills,1474.59
CUST-0026,2026-06-21,Healthcare,870.77
CUST-0297,2026-06-21,Groceries,3483.82
CUST-0444,2026-06-20,Transport,339.45
CUST-0485,2026-06-20,Shopping,715.13
CUST-0457,2026-06-20,Transport,1104.35
CUST-0064,2026-06-20,Shopping,670.31
CUST-0392,2026-06-20,Bills,17004.73
CUST-0024,2026-06-20,Bills,2420.39
CUST-0245,2026-06-20,Groceries,1410.91
CUST-0340,2026-06-20,Shopping,6950.15
CUST-0273,2026-06-20,Shopping,1043.99
CUST-0313,2026-06-19,Dining,392.29
CUST-0134,2026-06-19,Bills,3962.09
CUST-0433,2026-06-19,Travel,548.28
CUST-0169,2026-06-19,Dining,11517.38
CUST-0365,2026-06-19,Shopping,384.41
CUST-0208,2026-06-19,Healthcare,4975.75
CUST-0086,2026-06-19,Dining,2331.9
CUST-0009,2026-06-18,Travel,1102.36
CUST-0358,2026-06-18,Bills,733.27
CUST-0071,2026-06-18,Healthcare,1822.73
CUST-0494,2026-06-18,Dining,1694.61
CUST-0398,2026-06-18,Dining,4849.8
CUST-0201,2026-06-18,Transport,3691.77
CUST-0140,2026-06-18,Shopping,156.56
CUST-0055,2026-06-17,Bills,552.72
CUST-0254,2026-06-17,Shopping,36638.84
CUST-0281,2026-06-17,Travel,1820.2
CUST-0498,2026-06-17,Dining,3628.73
CUST-0345,2026-06-17,Travel,1762.54
CUST-0009,2026-06-17,Travel,743.71
CUST-0265,2026-06-17,Groceries,2094.34
CUST-0402,2026-06-17,Travel,1142.41
CUST-0163,2026-06-17,Dining,1053.56
CUST-0040,2026-06-17,Groceries,855.01
CUST-0226,2026-06-17,Dining,843.88
CUST-0304,2026-06-16,Healthcare,6761.04
CUST-0071,2026-06-16,Dining,45755.78
CUST-0447,2026-06-16,Groceries,618.72
CUST-0249,2026-06-16,Entertainment,469.27
CUST-0448,2026-06-16,Bills,4091.61
CUST-0145,2026-06-16,Transport,2017.94
CUST-0304,2026-06-16,Shopping,1075.47
CUST-0261,2026-06-16,Bills,6718.3
CUST-0084,2026-06-15,Bills,1942.63
CUST-0073,2026-06-15,Shopping,1443.87
CUST-0234,2026-06-15,Bills,3870.63
CUST-0244,2026-06-15,Travel,1267.43
CUST-0497,2026-06-15,Groceries,2185.22
CUST-0473,2026-06-15,Bills,369.3
CUST-0158,2026-06-15,Entertainment,2053.88
CUST-0346,2026-06-15,Transport,123.5
CUST-0141,2026-06-15,Dining,1483.15
CUST-0147,2026-06-15,Bills,662.71
CUST-0014,2026-06-15,Dining,10640.68
CUST-0358,2026-06-15,Dining,3811.24
CUST-0372,2026-06-15,Transport,2576.84
CUST-0028,2026-06-14,Dining,824.5
CUST-0194,2026-06-14,Bills,2216.08
CUST-0066,2026-06-14,Dining,1769.03
CUST-0037,2026-06-14,Shopping,2876.01
CUST-0479,2026-06-14,Shopping,1531.25
CUST-0341,2026-06-14,Bills,488.91
CUST-0067,2026-06-14,Dining,1423.94
CUST-0375,2026-06-14,Groceries,4985.06
CUST-0378,2026-06-14,Shopping,1367.44
CUST-0254,2026-06-14,Shopping,580.84
CUST-0082,2026-06-14,Groceries,2831.46
CUST-0107,2026-06-13,Healthcare,2472.31
CUST-0192,2026-06-13,Bills,812.8
CUST-0496,2026-06-13,Shopping,35264.01
CUST-0384,2026-06-13,Shopping,2327.22
CUST-0244,2026-06-13,Travel,2698.91
CUST-0456,2026-06-13,Bills,1994.32
CUST-0285,2026-06-13,Travel,341.91
CUST-0214,2026-06-12,Groceries,2072.39
CUST-0292,2026-06-12,Transport,801.99
CUST-0050,2026-06-12,Groceries,1717.6
CUST-0076,2026-06-12,Groceries,892.68
CUST-0111,2026-06-12,Bills,2633.9
CUST-0056,2026-06-12,Healthcare,1185.6
CUST-0157,2026-06-12,Groceries,12455.56
CUST-0397,2026-06-12,Groceries,36641.97
CUST-0140,2026-06-12,Healthcare,1248.32
CUST-0372,2026-06-11,Groceries,2245.46
CUST-0488,2026-06-11,Dining,1789.44
CUST-0148,2026-06-11,Travel,5128.34
CUST-0170,2026-06-11,Entertainment,1088.4
CUST-0422,2026-06-10,Dining,9308.93
CUST-0283,2026-06-10,Travel,3243.13
CUST-0207,2026-06-10,Transport,1063.79
CUST-0146,2026-06-10,Entertainment,949.29
CUST-0325,2026-06-10,Healthcare,243.96
CUST-0055,2026-06-09,Transport,1694.02
CUST-0423,2026-06-09,Healthcare,2069.69
CUST-0228,2026-06-09,Dining,25221.92
CUST-0274,2026-06-09,Travel,2152.64
CUST-0231,2026-06-09,Bills,658.76
CUST-0070,2026-06-09,Shopping,1678.76
CUST-0245,2026-06-09,Groceries,1381.39
CUST-0155,2026-06-08,Transport,2447.86
CUST-0263,2026-06-08,Travel,564.43
CUST-0227,2026-06-08,Shopping,2855.13
CUST-0323,2026-06-08,Travel,7012.78
CUST-0272,2026-06-08,Shopping,2866.44
CUST-0093,2026-06-07,Healthcare,2774.01
CUST-0159,2026-06-07,Groceries,1646.49
CUST-0245,2026-06-07,Bills,5617.81
CUST-0268,2026-06-07,Dining,2731.07
CUST-0023,2026-06-07,Shopping,3234.03
CUST-0259,2026-06-07,Bills,530.99
CUST-0043,2026-06-07,Shopping,2168.19
CUST-0221,2026-06-07,Dining,932.61
CUST-0447,2026-06-07,Transport,5131.75
CUST-0036,2026-06-06,Shopping,5609.35
CUST-0233,2026-06-06,Groceries,1152.72
CUST-0088,2026-06-06,Entertainment,1903.0
CUST-0232,2026-06-06,Groceries,608.59
CUST-0084,2026-06-06,Groceries,1647.4
CUST-0123,2026-06-06,Groceries,618.25
CUST-0063,2026-06-06,Entertainment,5449.93
CUST-0238,2026-06-05,Shopping,1233.97
CUST-0213,2026-06-05,Bills,323.93
CUST-0372,2026-06-05,Travel,1712.28
CUST-0318,2026-06-05,Groceries,14994.64
CUST-0055,2026-06-04,Entertainment,2096.4
CUST-0427,2026-06-04,Shopping,375.36
CUST-0029,2026-06-04,Groceries,14694.04
CUST-0337,2026-06-04,Bills,1342.76
CUST-0205,2026-06-04,Groceries,301.91
CUST-0016,2026-06-04,Groceries,660.78
CUST-0493,2026-06-04,Groceries,446.62
CUST-0492,2026-06-04,Bills,2929.51
CUST-0174,2026-06-04,Groceries,938.78
CUST-0126,2026-06-03,Dining,4295.39
CUST-0377,2026-06-03,Bills,1432.15
CUST-0166,2026-06-03,Transport,2225.33
CUST-0182,2026-06-03,Bills,661.99
CUST-0115,2026-06-03,Groceries,898.29
CUST-0274,2026-06-03,Shopping,247.52
CUST-0123,2026-06-03,Groceries,383.71
CUST-0268,2026-06-02,Dining,151.33
CUST-0269,2026-06-02,Transport,1540.1
CUST-0034,2026-06-02,Dining,1054.16
CUST-0018,2026-06-02,Shopping,3019.18
CUST-0040,2026-06-02,Travel,397.61
CUST-0278,2026-06-02,Dining,4943.54
CUST-0397,2026-06-02,Transport,1813.95
CUST-0212,2026-06-01,Groceries,1119.96
CUST-0120,2026-06-01,Dining,730.62
CUST-0350,2026-06-01,Groceries,1617.44
CUST-0147,2026-06-01,Groceries,1219.44
CUST-0324,2026-06-01,Travel,3378.46
CUST-0020,2026-06-01,Travel,3420.29
CUST-0042,2026-06-01,Transport,530.07
CUST-0084,2026-06-01,Healthcare,3707.67
CUST-0032,2026-05-31,Bills,1796.47
CUST-0013,2026-05-31,Shopping,418.39
CUST-0243,2026-05-31,Dining,1690.92
CUST-0148,2026-05-31,Bills,2093.61
CUST-0233,2026-05-31,Transport,1586.65
CUST-0074,2026-05-31,Entertainment,2906.05
CUST-0138,2026-05-31,Groceries,2404.5
CUST-0126,2026-05-31,Shopping,36948.32
CUST-0349,2026-05-31,Transport,2583.33
CUST-0459,2026-05-31,Transport,9995.17
CUST-0278,2026-05-30,Groceries,1162.04
CUST-0355,2026-05-30,Healthcare,5405.86
CUST-0224,2026-05-30,Shopping,5344.04
CUST-0260,2026-05-30,Travel,1081.58
CUST-0012,2026-05-30,Transport,1404.79
CUST-0401,2026-05-30,Groceries,745.53
CUST-0118,2026-05-30,Shopping,1771.61
CUST-0423,2026-05-30,Bills,1309.29
CUST-0456,2026-05-30,Dining,583.05
CUST-0111,2026-05-30,Shopping,5209.51
CUST-0488,2026-05-30,Bills,5552.34
CUST-0327,2026-05-29,Travel,2365.96
CUST-0252,2026-05-29,Bills,331.43
CUST-0433,2026-05-29,Entertainment,4241.99
CUST-0248,2026-05-29,Shopping,358.33
CUST-0392,2026-05-29,Entertainment,2217.74
CUST-0495,2026-05-29,Shopping,2519.63
CUST-0379,2026-05-29,Bills,192.05
CUST-0308,2026-05-29,Bills,2358.64
CUST-0080,2026-05-29,Travel,4850.18
CUST-0306,2026-05-29,Dining,8763.69
CUST-0263,2026-05-29,Transport,1018.88
CUST-0181,2026-05-29,Groceries,1752.16
CUST-0468,2026-05-29,Dining,2896.94
CUST-0281,2026-05-28,Dining,1676.87
CUST-0165,2026-05-28,Bills,531.64
CUST-0261,2026-05-28,Bills,708.23
CUST-0234,2026-05-28,Travel,1064.51
CUST-0324,2026-05-28,Transport,1368.83
CUST-0470,2026-05-28,Groceries,13082.99
CUST-0331,2026-05-28,Shopping,3090.62
CUST-0387,2026-05-28,Entertainment,887.74
CUST-0310,2026-05-28,Shopping,2425.28
CUST-0295,2026-05-28,Transport,3419.08
CUST-0191,2026-05-28,Travel,435.79
CUST-0032,2026-05-27,Transport,3046.77
CUST-0321,2026-05-27,Bills,2311.83
CUST-0086,2026-05-27,Transport,7597.33
CUST-0374,2026-05-27,Shopping,941.35
CUST-0367,2026-05-27,Shopping,3953.34
CUST-0253,2026-05-27,Dining,1512.3
CUST-0005,2026-05-27,Entertainment,805.39
CUST-0064,2026-05-26,Healthcare,918.11
CUST-0071,2026-05-26,Groceries,1466.65
CUST-0390,2026-05-26,Dining,393.84
CUST-0253,2026-05-26,Shopping,1135.17
CUST-0361,2026-05-26,Entertainment,1269.92
CUST-0008,2026-05-26,Dining,2278.06
CUST-0374,2026-05-26,Groceries,5609.32
CUST-0001,2026-05-26,Dining,1177.77
CUST-0249,2026-05-26,Groceries,13811.79
CUST-0193,2026-05-25,Transport,2550.43
CUST-0066,2026-05-25,Transport,685.02
CUST-0008,2026-05-25,Transport,783.92
CUST-0345,2026-05-25,Dining,2011.83
CUST-0168,2026-05-25,Dining,1924.91
CUST-0178,2026-05-25,Transport,4038.46
CUST-0429,2026-05-25,Dining,13867.52
CUST-0236,2026-05-25,Travel,1932.28
CUST-0043,2026-05-25,Travel,2638.9
CUST-0341,2026-05-24,Travel,478.7
CUST-0134,2026-05-24,Entertainment,13789.49
CUST-0164,2026-05-24,Dining,1173.4
CUST-0250,2026-05-24,Groceries,2831.54
CUST-0050,2026-05-24,Bills,454.11
CUST-0480,2026-05-24,Groceries,559.18
CUST-0441,2026-05-23,Transport,1831.2
CUST-0301,2026-05-23,Entertainment,3721.47
CUST-0458,2026-05-23,Bills,2047.83
CUST-0119,2026-05-23,Travel,1058.32
CUST-0118,2026-05-23,Travel,583.16
CUST-0426,2026-05-23,Groceries,4876.21
CUST-0001,2026-05-22,Groceries,1184.94
CUST-0277,2026-05-22,Travel,1696.75
CUST-0370,2026-05-22,Shopping,698.68
CUST-0358,2026-05-22,Groceries,3232.22
CUST-0340,2026-05-22,Entertainment,3098.58
CUST-0118,2026-05-21,Dining,566.43
CUST-0132,2026-05-21,Groceries,3818.18
CUST-0117,2026-05-21,Bills,640.37
CUST-0361,2026-05-21,Dining,1381.78
CUST-0252,2026-05-21,Transport,2805.36
CUST-0312,2026-05-21,Groceries,874.33
CUST-0420,2026-05-20,Transport,2702.76
CUST-0097,2026-05-20,Dining,1988.03
CUST-0153,2026-05-20,Bills,1264.72
CUST-0195,2026-05-20,Transport,2702.71
CUST-0154,2026-05-20,Groceries,622.7
CUST-0058,2026-05-19,Dining,2683.59
CUST-0423,2026-05-19,Bills,1698.56
CUST-0192,2026-05-19,Travel,3008.41
CUST-0127,2026-05-19,Groceries,3324.77
CUST-0093,2026-05-19,Bills,935.64
CUST-0477,2026-05-19,Transport,2002.34
CUST-0389,2026-05-19,Transport,9182.95
CUST-0342,2026-05-19,Groceries,2630.8
CUST-0086,2026-05-18,Transport,1916.1
CUST-0391,2026-05-18,Groceries,1947.76
CUST-0073,2026-05-18,Transport,2123.94
CUST-0424,2026-05-18,Travel,775.0
CUST-0273,2026-05-18,Shopping,759.35
CUST-0322,2026-05-18,Healthcare,2088.43
CUST-0122,2026-05-18,Groceries,461.17
CUST-0458,2026-05-17,Transport,4138.7
CUST-0265,2026-05-17,Dining,1039.67
CUST-0106,2026-05-17,Travel,9872.99
CUST-0071,2026-05-17,Groceries,2814.81
CUST-0354,2026-05-17,Transport,1172.13
CUST-0385,2026-05-17,Shopping,1613.79
CUST-0492,2026-05-17,Travel,5715.02
CUST-0467,2026-05-17,Groceries,895.91
CUST-0303,2026-05-17,Groceries,1308.61
CUST-0160,2026-05-17,Groceries,4780.95
CUST-0483,2026-05-16,Healthcare,5550.74
CUST-0031,2026-05-16,Entertainment,4564.97
CUST-0124,2026-05-16,Bills,2026.82
CUST-0148,2026-05-16,Transport,1292.15
CUST-0293,2026-05-16,Healthcare,14128.76
CUST-0196,2026-05-16,Shopping,1397.23
CUST-0231,2026-05-15,Bills,1044.03
CUST-0133,2026-05-15,Groceries,305.87
CUST-0112,2026-05-15,Bills,851.1
CUST-0317,2026-05-15,Shopping,5366.88
CUST-0454,2026-05-15,Shopping,9400.95
CUST-0483,2026-05-15,Groceries,3527.27
CUST-0196,2026-05-15,Transport,969.05
CUST-0499,2026-05-15,Groceries,1578.0
CUST-0161,2026-05-15,Dining,2238.99
CUST-0255,2026-05-15,Shopping,1583.99
CUST-0338,2026-05-15,Shopping,80.0
CUST-0426,2026-05-15,Groceries,5062.09
CUST-0232,2026-05-15,Shopping,2679.43
CUST-0173,2026-05-14,Shopping,800.94
CUST-0124,2026-05-14,Healthcare,740.86
CUST-0325,2026-05-14,Shopping,955.18
CUST-0128,2026-05-14,Shopping,1920.4
CUST-0147,2026-05-14,Bills,747.33
CUST-0109,2026-05-14,Bills,3356.16
CUST-0100,2026-05-14,Shopping,5860.24
CUST-0214,2026-05-14,Transport,379.41
CUST-0332,2026-05-14,Groceries,5313.59
CUST-0419,2026-05-13,Bills,1366.5
CUST-0423,2026-05-13,Transport,755.9
CUST-0030,2026-05-13,Bills,303.68
CUST-0035,2026-05-13,Travel,1076.21
CUST-0190,2026-05-13,Shopping,204.83
CUST-0382,2026-05-13,Groceries,2129.89
CUST-0069,2026-05-13,Shopping,2218.71
CUST-0076,2026-05-13,Groceries,16023.25
CUST-0154,2026-05-13,Dining,3379.1
CUST-0444,2026-05-12,Travel,1680.94
CUST-0298,2026-05-12,Bills,2092.93
CUST-0057,2026-05-12,Transport,333.2
CUST-0403,2026-05-12,Groceries,18921.26
CUST-0396,2026-05-12,Dining,2722.23
CUST-0247,2026-05-12,Entertainment,2335.68
CUST-0473,2026-05-12,Entertainment,4761.49
CUST-0084,2026-05-12,Transport,2506.9
CUST-0133,2026-05-12,Groceries,3608.63
CUST-0474,2026-05-11,Entertainment,2764.3
CUST-0249,2026-05-11,Bills,2626.96
CUST-0323,2026-05-11,Bills,2325.91
CUST-0411,2026-05-10,Dining,1760.87
CUST-0136,2026-05-10,Bills,3172.34
CUST-0217,2026-05-10,Groceries,436.24
CUST-0106,2026-05-09,Transport,571.65
CUST-0036,2026-05-09,Bills,991.57
CUST-0255,2026-05-09,Groceries,1854.16
CUST-0001,2026-05-09,Shopping,448.31
CUST-0263,2026-05-09,Groceries,3078.63
CUST-0494,2026-05-09,Shopping,264.18
CUST-0397,2026-05-08,Entertainment,553.87
CUST-0285,2026-05-08,Bills,2056.93
CUST-0393,2026-05-08,Travel,1554.55
CUST-0026,2026-05-08,Shopping,563.49
CUST-0385,2026-05-08,Healthcare,2776.78
CUST-0053,2026-05-08,Groceries,393.17
CUST-0186,2026-05-08,Travel,702.48
CUST-0469,2026-05-08,Shopping,1570.94
CUST-0309,2026-05-08,Shopping,1071.06
CUST-0137,2026-05-08,Dining,3799.99
CUST-0344,2026-05-08,Bills,620.81
CUST-0084,2026-05-08,Transport,501.68
CUST-0347,2026-05-07,Healthcare,654.91
CUST-0099,2026-05-07,Groceries,481.34
CUST-0005,2026-05-07,Dining,4458.46
CUST-0154,2026-05-07,Entertainment,2909.88
CUST-0095,2026-05-07,Bills,573.34
CUST-0381,2026-05-06,Shopping,2553.76
CUST-0056,2026-05-06,Bills,2006.94
CUST-0014,2026-05-06,Travel,659.91
CUST-0370,2026-05-06,Shopping,962.3
CUST-0203,2026-05-06,Transport,9005.45
CUST-0133,2026-05-06,Travel,275.32
CUST-0223,2026-05-06,Healthcare,1441.49
CUST-0306,2026-05-06,Transport,1499.19
CUST-0119,2026-05-06,Travel,1271.97
CUST-0468,2026-05-06,Shopping,189.67
CUST-0210,2026-05-06,Healthcare,579.61
CUST-0028,2026-05-06,Shopping,4439.79
CUST-0118,2026-05-06,Dining,36881.01
CUST-0075,2026-05-06,Shopping,2124.3
CUST-0041,2026-05-05,Groceries,3643.09
CUST-0083,2026-05-05,Dining,8184.54
CUST-0302,2026-05-05,Groceries,683.03
CUST-0377,2026-05-05,Travel,2252.42
CUST-0214,2026-05-05,Dining,2473.28
CUST-0477,2026-05-05,Transport,3069.35
CUST-0095,2026-05-04,Transport,4436.7
CUST-0175,2026-05-04,Dining,607.32
CUST-0462,2026-05-04,Transport,1264.95
CUST-0326,2026-05-04,Dining,2074.33
CUST-0237,2026-05-04,Healthcare,2161.06
CUST-0342,2026-05-04,Transport,1838.96
CUST-0479,2026-05-04,Entertainment,675.51
CUST-0032,2026-05-04,Dining,6517.98
CUST-0257,2026-05-04,Dining,2581.0
CUST-0248,2026-05-03,Travel,4099.71
CUST-0103,2026-05-03,Entertainment,3276.81
CUST-0268,2026-05-03,Dining,126.31
CUST-0054,2026-05-03,Shopping,882.35
CUST-0315,2026-05-03,Bills,2313.28
CUST-0391,2026-05-03,Shopping,1054.51
CUST-0459,2026-05-03,Healthcare,1583.78
CUST-0188,2026-05-03,Transport,219.95
CUST-0478,2026-05-03,Travel,3204.18
CUST-0329,2026-05-02,Healthcare,347.24
CUST-0259,2026-05-02,Shopping,1547.73
CUST-0031,2026-05-02,Groceries,2942.52
CUST-0348,2026-05-02,Groceries,4017.52
CUST-0188,2026-05-02,Groceries,546.81
CUST-0302,2026-05-02,Travel,899.88
CUST-0417,2026-05-02,Transport,264.27
CUST-0418,2026-05-02,Dining,6473.23
CUST-0379,2026-05-02,Travel,1352.83
CUST-0469,2026-05-02,Transport,3475.42
CUST-0385,2026-05-02,Bills,964.98
CUST-0470,2026-05-02,Dining,448.32
CUST-0419,2026-05-02,Bills,1114.91
CUST-0114,2026-05-02,Bills,3347.72
CUST-0421,2026-05-02,Entertainment,20250.06
CUST-0028,2026-05-02,Shopping,9837.33
CUST-0214,2026-05-02,Shopping,492.86
CUST-0437,2026-05-02,Groceries,1158.9
CUST-0173,2026-05-02,Shopping,11218.57
CUST-0346,2026-05-01,Travel,1028.82
CUST-0442,2026-05-01,Shopping,3659.68
CUST-0485,2026-05-01,Shopping,601.6
CUST-0458,2026-04-30,Travel,982.89
CUST-0254,2026-04-30,Transport,812.46
CUST-0045,2026-04-30,Travel,503.85
CUST-0167,2026-04-30,Groceries,1105.54
CUST-0249,2026-04-30,Bills,1530.13
CUST-0464,2026-04-30,Dining,3862.19
CUST-0381,2026-04-30,Travel,2815.29
CUST-0292,2026-04-30,Shopping,918.75
CUST-0222,2026-04-30,Groceries,7658.57
CUST-0173,2026-04-30,Healthcare,1629.2
CUST-0071,2026-04-29,Groceries,1288.25
CUST-0300,2026-04-29,Groceries,337.86
CUST-0166,2026-04-29,Healthcare,3602.86
CUST-0221,2026-04-29,Shopping,2649.38
CUST-0202,2026-04-29,Bills,735.21
CUST-0458,2026-04-29,Groceries,1503.02
CUST-0135,2026-04-29,Groceries,1890.02
CUST-0365,2026-04-29,Dining,2690.18
CUST-0450,2026-04-29,Dining,2252.25
CUST-0060,2026-04-29,Groceries,1707.15
CUST-0232,2026-04-29,Entertainment,1267.06
CUST-0270,2026-04-28,Dining,5208.8
CUST-0034,2026-04-28,Shopping,1417.74
CUST-0210,2026-04-28,Dining,1776.09
CUST-0051,2026-04-28,Groceries,1128.64
CUST-0420,2026-04-28,Travel,1581.93
CUST-0225,2026-04-28,Travel,5643.46
CUST-0288,2026-04-28,Bills,1844.73
CUST-0456,2026-04-28,Transport,1216.59
CUST-0135,2026-04-27,Dining,1120.99
CUST-0308,2026-04-27,Transport,749.63
CUST-0350,2026-04-27,Groceries,1806.57
CUST-0006,2026-04-27,Shopping,4562.22
CUST-0026,2026-04-27,Healthcare,216.09
CUST-0427,2026-04-27,Shopping,10256.6
CUST-0370,2026-04-27,Shopping,7231.23
CUST-0349,2026-04-27,Dining,816.41
CUST-0421,2026-04-27,Dining,1069.32
CUST-0122,2026-04-27,Healthcare,926.36
CUST-0272,2026-04-26,Dining,275.66
CUST-0419,2026-04-26,Bills,4172.41
CUST-0152,2026-04-26,Groceries,1578.72
CUST-0123,2026-04-26,Dining,3371.76
CUST-0032,2026-04-26,Bills,32553.2
CUST-0225,2026-04-26,Bills,4381.21
CUST-0356,2026-04-26,Groceries,936.94
CUST-0352,2026-04-26,Groceries,402.15
CUST-0087,2026-04-26,Entertainment,1391.4
CUST-0135,2026-04-26,Dining,2865.7
CUST-0492,2026-04-26,Groceries,648.97
CUST-0391,2026-04-26,Groceries,1536.31
CUST-0457,2026-04-26,Dining,1274.75
CUST-0009,2026-04-26,Travel,2267.44
CUST-0322,2026-04-26,Shopping,652.4
CUST-0015,2026-04-26,Bills,1323.54
CUST-0263,2026-04-25,Groceries,5091.24
CUST-0017,2026-04-25,Bills,110.57
CUST-0419,2026-04-25,Dining,2672.56
CUST-0393,2026-04-25,Bills,1760.99
CUST-0123,2026-04-25,Healthcare,9424.46
CUST-0227,2026-04-25,Travel,454.44
CUST-0063,2026-04-25,Transport,2509.34
CUST-0345,2026-04-24,Dining,4614.88
CUST-0120,2026-04-24,Dining,2589.32
CUST-0102,2026-04-24,Bills,8139.86
CUST-0461,2026-04-23,Bills,1229.53
CUST-0213,2026-04-23,Transport,1089.2
CUST-0383,2026-04-23,Dining,1091.22
CUST-0189,2026-04-23,Bills,1764.0
CUST-0407,2026-04-23,Travel,1979.07
CUST-0260,2026-04-23,Bills,13197.43
CUST-0412,2026-04-23,Groceries,706.39
CUST-0496,2026-04-23,Bills,1810.55
CUST-0297,2026-04-23,Healthcare,827.32
CUST-0434,2026-04-23,Shopping,4737.41
CUST-0315,2026-04-22,Bills,567.1
CUST-0027,2026-04-22,Dining,1032.67
CUST-0007,2026-04-22,Groceries,1135.69
CUST-0303,2026-04-22,Groceries,1910.09
CUST-0175,2026-04-21,Entertainment,966.92
CUST-0458,2026-04-21,Bills,192.13
CUST-0431,2026-04-21,Groceries,1522.15
CUST-0242,2026-04-21,Dining,140.67
CUST-0123,2026-04-21,Entertainment,1511.58
CUST-0089,2026-04-21,Dining,2381.34
CUST-0246,2026-04-21,Healthcare,1826.1
CUST-0159,2026-04-21,Groceries,409.26
CUST-0106,2026-04-20,Travel,5447.21
CUST-0047,2026-04-20,Travel,9540.49
CUST-0452,2026-04-20,Shopping,1149.44
CUST-0289,2026-04-20,Groceries,5071.47
CUST-0149,2026-04-20,Shopping,1626.99
CUST-0379,2026-04-20,Shopping,1608.57
CUST-0084,2026-04-20,Entertainment,3353.04
CUST-0074,2026-04-20,Bills,2613.64
CUST-0337,2026-04-20,Dining,1076.23
CUST-0199,2026-04-20,Dining,9568.73
CUST-0374,2026-04-19,Groceries,14657.52
CUST-0224,2026-04-19,Groceries,3238.59
CUST-0183,2026-04-18,Dining,1545.32
CUST-0405,2026-04-18,Shopping,4130.66
CUST-0091,2026-04-18,Transport,359.1
CUST-0053,2026-04-18,Transport,1035.13
CUST-0338,2026-04-18,Groceries,361.73
CUST-0390,2026-04-18,Bills,5400.93
CUST-0359,2026-04-18,Groceries,1558.36
CUST-0104,2026-04-18,Dining,1985.33
CUST-0312,2026-04-17,Shopping,492.9
CUST-0483,2026-04-17,Healthcare,1329.57
CUST-0122,2026-04-17,Travel,2025.58
CUST-0141,2026-04-17,Shopping,1391.07
CUST-0327,2026-04-17,Groceries,20264.64
CUST-0001,2026-04-17,Healthcare,1657.45
CUST-0023,2026-04-17,Dining,5575.91
CUST-0308,2026-04-17,Healthcare,4210.82
CUST-0233,2026-04-16,Bills,1881.21
CUST-0326,2026-04-16,Dining,1186.07
CUST-0444,2026-04-16,Shopping,586.79
CUST-0216,2026-04-16,Dining,960.43
CUST-0405,2026-04-15,Bills,9616.86
CUST-0191,2026-04-15,Shopping,8585.9
CUST-0302,2026-04-15,Bills,1594.9
CUST-0292,2026-04-15,Groceries,373.76
CUST-0377,2026-04-15,Shopping,3435.95
CUST-0214,2026-04-15,Entertainment,1913.61
CUST-0339,2026-04-15,Shopping,428.29
CUST-0069,2026-04-15,Dining,3460.24
CUST-0492,2026-04-15,Shopping,933.15
CUST-0214,2026-04-15,Groceries,955.65
CUST-0080,2026-04-15,Shopping,1099.98
CUST-0076,2026-04-15,Shopping,1919.15
CUST-0009,2026-04-15,Groceries,547.61
CUST-0333,2026-04-15,Travel,22261.74
CUST-0182,2026-04-15,Bills,1889.12
CUST-0063,2026-04-15,Groceries,755.58
CUST-0444,2026-04-14,Bills,1857.44
CUST-0197,2026-04-14,Entertainment,1412.46
CUST-0140,2026-04-14,Bills,1398.78
CUST-0383,2026-04-14,Bills,3980.69
CUST-0354,2026-04-14,Shopping,676.02
CUST-0055,2026-04-14,Shopping,1711.94
CUST-0250,2026-04-14,Shopping,348.2
CUST-0337,2026-04-14,Transport,645.93
CUST-0444,2026-04-13,Bills,8346.35
CUST-0066,2026-04-13,Healthcare,6525.91
CUST-0008,2026-04-13,Bills,12681.21
CUST-0433,2026-04-13,Healthcare,2516.56
CUST-0380,2026-04-13,Shopping,995.88
CUST-0328,2026-04-12,Healthcare,3275.83
CUST-0010,2026-04-12,Transport,1969.62
CUST-0087,2026-04-12,Bills,1308.77
CUST-0332,2026-04-12,Entertainment,5852.78
CUST-0389,2026-04-12,Groceries,297.37
CUST-0077,2026-04-12,Shopping,768.56
CUST-0021,2026-04-12,Groceries,1834.6
CUST-0255,2026-04-12,Groceries,1827.28
CUST-0322,2026-04-12,Groceries,1129.0
CUST-0448,2026-04-12,Shopping,2607.93
CUST-0027,2026-04-11,Groceries,1288.99
CUST-0188,2026-04-11,Bills,310.59
CUST-0198,2026-04-11,Dining,1500.06
CUST-0305,2026-04-11,Dining,410.57
CUST-0360,2026-04-11,Shopping,1626.38
CUST-0435,2026-04-11,Shopping,4524.3
CUST-0488,2026-04-11,Bills,3822.13
CUST-0451,2026-04-11,Bills,1605.84
CUST-0059,2026-04-11,Travel,3060.57
CUST-0255,2026-04-10,Healthcare,594.93
CUST-0349,2026-04-10,Groceries,7143.31
CUST-0245,2026-04-10,Groceries,595.6
CUST-0319,2026-04-10,Transport,2355.71
CUST-0138,2026-04-10,Shopping,619.92
CUST-0483,2026-04-10,Dining,447.23
CUST-0325,2026-04-10,Groceries,471.66
CUST-0004,2026-04-10,Bills,1523.57
CUST-0285,2026-04-10,Groceries,1050.78
CUST-0103,2026-04-10,Groceries,540.97
CUST-0092,2026-04-10,Dining,1865.39
CUST-0416,2026-04-10,Groceries,5604.76
CUST-0246,2026-04-09,Entertainment,11691.93
CUST-0495,2026-04-09,Groceries,3041.38
CUST-0163,2026-04-09,Healthcare,3134.6
CUST-0243,2026-04-09,Transport,1185.75
CUST-0374,2026-04-09,Healthcare,8594.2
CUST-0253,2026-04-09,Groceries,1928.6
CUST-0255,2026-04-08,Healthcare,1511.97
CUST-0209,2026-04-08,Bills,1852.38
CUST-0055,2026-04-08,Entertainment,818.13
CUST-0056,2026-04-08,Dining,6493.47
CUST-0395,2026-04-08,Dining,6497.11
CUST-0398,2026-04-08,Shopping,1612.75
CUST-0415,2026-04-08,Entertainment,1998.29
CUST-0410,2026-04-08,Shopping,1658.54
CUST-0406,2026-04-08,Transport,1324.81
CUST-0023,2026-04-07,Dining,3599.76
CUST-0244,2026-04-07,Transport,471.52
CUST-0247,2026-04-07,Dining,2078.08
CUST-0050,2026-04-07,Shopping,2037.38
CUST-0248,2026-04-07,Transport,3965.02
CUST-0267,2026-04-07,Shopping,1184.59
CUST-0441,2026-04-07,Shopping,1708.93
CUST-0374,2026-04-07,Shopping,3693.29
CUST-0261,2026-04-07,Travel,788.0
CUST-0170,2026-04-07,Dining,3569.98
CUST-0001,2026-04-07,Bills,731.76
CUST-0146,2026-04-06,Dining,1434.57
CUST-0246,2026-04-06,Travel,4822.8
CUST-0006,2026-04-06,Travel,2649.05
CUST-0300,2026-04-06,Dining,2022.54
CUST-0034,2026-04-06,Transport,1514.98
CUST-0196,2026-04-06,Travel,4075.16
CUST-0477,2026-04-06,Transport,3211.29
CUST-0329,2026-04-06,Groceries,1498.71
CUST-0322,2026-04-05,Shopping,2629.33
CUST-0247,2026-04-05,Groceries,1759.22
CUST-0334,2026-04-05,Dining,1754.03
CUST-0162,2026-04-04,Healthcare,324.83
CUST-0120,2026-04-04,Entertainment,830.24
CUST-0348,2026-04-04,Shopping,1233.86
CUST-0357,2026-04-04,Groceries,6207.36
CUST-0253,2026-04-04,Bills,8521.31
CUST-0402,2026-04-04,Dining,4775.02
CUST-0022,2026-04-04,Dining,277.0
CUST-0042,2026-04-04,Bills,325.16
CUST-0483,2026-04-03,Transport,1417.92
CUST-0440,2026-04-03,Shopping,4960.93
CUST-0025,2026-04-03,Groceries,626.63
CUST-0440,2026-04-03,Entertainment,2500.26
CUST-0392,2026-04-03,Transport,580.18
CUST-0228,2026-04-03,Shopping,756.66
CUST-0260,2026-04-03,Bills,26191.99
CUST-0276,2026-04-02,Entertainment,9009.6
CUST-0058,2026-04-02,Shopping,978.3
CUST-0386,2026-04-02,Shopping,9029.69
CUST-0085,2026-04-02,Bills,7349.46
CUST-0129,2026-04-02,Shopping,5525.59
CUST-0403,2026-04-02,Dining,4316.15
CUST-0165,2026-04-02,Shopping,736.75
CUST-0123,2026-04-02,Travel,3001.53
CUST-0316,2026-04-01,Shopping,812.4
CUST-0318,2026-04-01,Shopping,2246.37
CUST-0184,2026-04-01,Shopping,910.17
CUST-0365,2026-04-01,Shopping,2911.2
CUST-0361,2026-04-01,Bills,915.29
CUST-0329,2026-04-01,Shopping,5642.96
CUST-0206,2026-04-01,Transport,4654.05
CUST-0344,2026-03-31,Shopping,1213.33
CUST-0051,2026-03-31,Entertainment,1907.16
CUST-0342,2026-03-31,Groceries,6208.79
CUST-0230,2026-03-31,Shopping,1649.66
CUST-0395,2026-03-31,Groceries,1292.85
CUST-0126,2026-03-31,Transport,730.79
CUST-0331,2026-03-31,Bills,319.51
CUST-0184,2026-03-30,Shopping,889.76
CUST-0473,2026-03-30,Entertainment,587.87
CUST-0402,2026-03-30,Transport,1225.17
CUST-0297,2026-03-30,Dining,744.73
CUST-0093,2026-03-30,Travel,3803.71
CUST-0033,2026-03-30,Bills,555.37
CUST-0338,2026-03-30,Shopping,1771.07
CUST-0148,2026-03-30,Transport,688.97
CUST-0111,2026-03-30,Bills,80.0
CUST-0156,2026-03-29,Travel,1854.3
CUST-0478,2026-03-29,Groceries,1284.57
CUST-0332,2026-03-29,Groceries,232.17
CUST-0087,2026-03-29,Bills,1828.16
CUST-0200,2026-03-29,Shopping,2416.79
CUST-0378,2026-03-29,Travel,150.09
CUST-0255,2026-03-29,Groceries,25605.49
CUST-0302,2026-03-29,Transport,5344.79
CUST-0401,2026-03-29,Groceries,2764.97
CUST-0291,2026-03-28,Bills,8755.73
CUST-0433,2026-03-28,Dining,3193.3
CUST-0145,2026-03-28,Transport,2592.84
CUST-0024,2026-03-28,Shopping,932.51
CUST-0332,2026-03-28,Healthcare,4986.39
CUST-0040,2026-03-28,Transport,2279.21
CUST-0368,2026-03-28,Dining,1524.65
CUST-0086,2026-03-27,Dining,11583.32
CUST-0004,2026-03-27,Shopping,438.44
CUST-0391,2026-03-27,Shopping,8989.26
CUST-0090,2026-03-27,Bills,696.9
CUST-0204,2026-03-27,Entertainment,1433.59
CUST-0265,2026-03-27,Shopping,1027.8
CUST-0160,2026-03-27,Entertainment,676.29
CUST-0342,2026-03-27,Dining,3884.35
CUST-0039,2026-03-27,Bills,2712.55
CUST-0403,2026-03-27,Shopping,2223.01
CUST-0403,2026-03-27,Shopping,2235.94
CUST-0024,2026-03-26,Groceries,784.09
CUST-0026,2026-03-26,Groceries,367.05
CUST-0483,2026-03-26,Bills,1255.16
CUST-0428,2026-03-26,Bills,917.2
CUST-0339,2026-03-26,Shopping,2188.41
CUST-0033,2026-03-26,Groceries,3718.99
CUST-0234,2026-03-26,Dining,4161.39
CUST-0370,2026-03-26,Shopping,3669.53
CUST-0123,2026-03-26,Bills,18330.61
CUST-0364,2026-03-26,Dining,2628.43
CUST-0023,2026-03-26,Shopping,621.98
CUST-0125,2026-03-26,Travel,303.15
CUST-0066,2026-03-25,Shopping,743.85
CUST-0079,2026-03-25,Shopping,1726.85
CUST-0195,2026-03-25,Groceries,1991.32
CUST-0440,2026-03-25,Dining,2662.64
CUST-0355,2026-03-25,Healthcare,422.2
CUST-0290,2026-03-24,Entertainment,326.52
CUST-0069,2026-03-24,Dining,3267.52
CUST-0390,2026-03-24,Groceries,1734.93
CUST-0352,2026-03-24,Shopping,944.42
CUST-0406,2026-03-24,Travel,1070.43
CUST-0219,2026-03-24,Groceries,3319.86
CUST-0155,2026-03-24,Healthcare,658.26
CUST-0361,2026-03-24,Bills,4063.29
CUST-0055,2026-03-23,Bills,181.32
CUST-0111,2026-03-23,Transport,749.68
CUST-0325,2026-03-23,Travel,4210.33
CUST-0392,2026-03-23,Travel,249.48
CUST-0379,2026-03-23,Shopping,4489.14
CUST-0096,2026-03-23,Travel,1148.66
CUST-0454,2026-03-22,Transport,2725.01
CUST-0208,2026-03-22,Groceries,3635.42
CUST-0347,2026-03-22,Bills,3250.23
CUST-0469,2026-03-22,Bills,1434.41
CUST-0272,2026-03-22,Groceries,2669.47
CUST-0180,2026-03-22,Shopping,1152.07
CUST-0177,2026-03-21,Travel,391.46
CUST-0351,2026-03-21,Travel,3247.21
CUST-0282,2026-03-21,Groceries,1602.31
CUST-0374,2026-03-21,Transport,574.59
CUST-0322,2026-03-21,Shopping,3840.07
CUST-0495,2026-03-21,Groceries,2034.86
CUST-0466,2026-03-20,Groceries,9398.27
CUST-0185,2026-03-20,Dining,273.47
CUST-0099,2026-03-20,Transport,2306.9
CUST-0482,2026-03-20,Bills,6406.65
CUST-0204,2026-03-19,Bills,16312.07
CUST-0157,2026-03-19,Travel,469.17
CUST-0342,2026-03-19,Shopping,4526.41
CUST-0014,2026-03-19,Dining,687.94
CUST-0263,2026-03-19,Travel,1428.52
CUST-0081,2026-03-19,Shopping,4006.15
CUST-0027,2026-03-19,Healthcare,182.99
CUST-0324,2026-03-19,Bills,5034.14
CUST-0291,2026-03-19,Groceries,3560.0
CUST-0275,2026-03-19,Dining,3717.87
CUST-0174,2026-03-19,Groceries,134.53
CUST-0459,2026-03-18,Dining,391.35
CUST-0212,2026-03-18,Groceries,1363.95
CUST-0072,2026-03-18,Entertainment,620.27
CUST-0497,2026-03-18,Travel,252.6
CUST-0464,2026-03-18,Bills,6038.92
CUST-0014,2026-03-17,Groceries,16363.55
CUST-0344,2026-03-17,Dining,201.76
CUST-0324,2026-03-17,Shopping,14654.75
CUST-0418,2026-03-17,Groceries,886.16
CUST-0096,2026-03-17,Groceries,3737.28
CUST-0388,2026-03-17,Bills,1009.62
CUST-0170,2026-03-17,Dining,7174.74
CUST-0488,2026-03-17,Transport,2472.48
CUST-0404,2026-03-17,Dining,557.69
CUST-0330,2026-03-17,Groceries,762.88
CUST-0357,2026-03-17,Shopping,1042.99
CUST-0468,2026-03-17,Shopping,3681.63
CUST-0352,2026-03-16,Healthcare,768.9
CUST-0018,2026-03-16,Groceries,3399.61
CUST-0049,2026-03-16,Travel,2813.45
CUST-0009,2026-03-16,Groceries,8266.53
CUST-0476,2026-03-16,Shopping,761.46
CUST-0089,2026-03-16,Travel,6183.59
CUST-0316,2026-03-16,Dining,2264.93
CUST-0020,2026-03-16,Bills,2677.85
CUST-0322,2026-03-16,Healthcare,4178.83
CUST-0098,2026-03-16,Shopping,3904.81
CUST-0354,2026-03-16,Shopping,3197.57
CUST-0095,2026-03-15,Bills,1724.99
CUST-0483,2026-03-15,Shopping,3116.15
CUST-0195,2026-03-15,Travel,5632.65
CUST-0470,2026-03-15,Transport,3136.61
CUST-0142,2026-03-15,Healthcare,1336.88
CUST-0247,2026-03-14,Dining,11692.49
CUST-0067,2026-03-14,Groceries,4943.2
CUST-0156,2026-03-14,Dining,25493.33
CUST-0103,2026-03-14,Shopping,1788.43
CUST-0089,2026-03-14,Groceries,7722.73
CUST-0366,2026-03-14,Groceries,842.07
CUST-0445,2026-03-14,Travel,1595.66
CUST-0147,2026-03-14,Dining,13556.6
CUST-0067,2026-03-14,Groceries,2670.93
CUST-0135,2026-03-14,Groceries,1289.3
CUST-0222,2026-03-14,Groceries,1038.08
CUST-0382,2026-03-14,Shopping,913.58
CUST-0112,2026-03-14,Shopping,7830.63
CUST-0435,2026-03-13,Bills,615.29
CUST-0023,2026-03-13,Groceries,530.38
CUST-0005,2026-03-13,Travel,5424.45
CUST-0067,2026-03-13,Dining,440.97
CUST-0284,2026-03-13,Shopping,3359.56
CUST-0050,2026-03-13,Bills,2087.55
CUST-0489,2026-03-13,Groceries,1293.1
CUST-0491,2026-03-13,Shopping,4433.46
CUST-0009,2026-03-13,Groceries,5933.87
CUST-0074,2026-03-13,Shopping,4132.68
CUST-0020,2026-03-13,Bills,2352.46
CUST-0211,2026-03-13,Shopping,3074.32
CUST-0144,2026-03-13,Travel,4427.33
CUST-0443,2026-03-13,Travel,117.24
CUST-0176,2026-03-13,Bills,4440.31
CUST-0382,2026-03-12,Shopping,387.76
CUST-0177,2026-03-12,Travel,880.86
CUST-0460,2026-03-12,Shopping,925.84
CUST-0457,2026-03-12,Healthcare,187.02
CUST-0047,2026-03-12,Dining,1239.25
CUST-0473,2026-03-12,Transport,1694.3
CUST-0116,2026-03-12,Dining,2375.07
CUST-0492,2026-03-11,Dining,943.71
CUST-0151,2026-03-11,Bills,2514.33
CUST-0140,2026-03-11,Dining,119.92
CUST-0457,2026-03-11,Groceries,1076.82
CUST-0299,2026-03-11,Groceries,2588.22
CUST-0463,2026-03-11,Bills,3530.67
CUST-0327,2026-03-11,Groceries,384.51
CUST-0355,2026-03-11,Bills,384.09
CUST-0349,2026-03-11,Shopping,338.55
CUST-0390,2026-03-11,Groceries,4575.93
CUST-0127,2026-03-10,Bills,7308.24
CUST-0260,2026-03-10,Groceries,775.77
CUST-0417,2026-03-10,Travel,658.77
CUST-0110,2026-03-10,Shopping,2904.76
CUST-0431,2026-03-10,Bills,932.56
CUST-0109,2026-03-10,Bills,324.99
CUST-0058,2026-03-10,Entertainment,1645.06
CUST-0201,2026-03-10,Groceries,9724.12
CUST-0018,2026-03-10,Shopping,4663.42
CUST-0449,2026-03-09,Bills,870.64
CUST-0461,2026-03-09,Bills,1045.2
CUST-0133,2026-03-09,Travel,9275.3
CUST-0252,2026-03-09,Travel,1797.15
CUST-0100,2026-03-09,Dining,149.21
CUST-0193,2026-03-09,Shopping,2746.76
CUST-0025,2026-03-09,Bills,3085.0
CUST-0262,2026-03-09,Groceries,1747.61
CUST-0179,2026-03-08,Bills,1295.48
CUST-0055,2026-03-08,Transport,1144.24
CUST-0076,2026-03-08,Dining,2989.25
CUST-0297,2026-03-08,Groceries,9419.05
CUST-0318,2026-03-08,Travel,2641.58
CUST-0362,2026-03-08,Shopping,1544.93
CUST-0308,2026-03-08,Entertainment,1342.0
CUST-0029,2026-03-08,Shopping,2844.13
CUST-0399,2026-03-07,Dining,2657.76
CUST-0080,2026-03-07,Transport,780.76
CUST-0075,2026-03-07,Healthcare,43344.87
CUST-0315,2026-03-07,Shopping,2135.05
CUST-0021,2026-03-07,Shopping,5926.89
CUST-0122,2026-03-07,Entertainment,1818.14
CUST-0462,2026-03-07,Dining,1699.73
CUST-0050,2026-03-07,Dining,4390.09
CUST-0127,2026-03-07,Groceries,2021.03
CUST-0303,2026-03-07,Shopping,5927.26
CUST-0440,2026-03-06,Dining,945.23
CUST-0433,2026-03-06,Shopping,1562.17
CUST-0285,2026-03-06,Bills,849.21
CUST-0240,2026-03-06,Bills,2826.45
CUST-0033,2026-03-06,Shopping,1851.84
CUST-0426,2026-03-06,Groceries,4243.51
CUST-0480,2026-03-06,Dining,4759.06
CUST-0454,2026-03-05,Shopping,699.35
CUST-0486,2026-03-05,Shopping,1250.21
CUST-0255,2026-03-05,Shopping,2613.29
CUST-0096,2026-03-05,Bills,80.0
CUST-0162,2026-03-05,Entertainment,4113.92
CUST-0426,2026-03-05,Shopping,1596.66
CUST-0310,2026-03-05,Bills,1579.24
CUST-0078,2026-03-05,Travel,2737.81
CUST-0051,2026-03-05,Bills,1870.99
CUST-0337,2026-03-05,Healthcare,90.3
CUST-0160,2026-03-05,Transport,5356.85
CUST-0358,2026-03-05,Dining,2284.63
CUST-0323,2026-03-05,Groceries,755.07
CUST-0477,2026-03-05,Shopping,13580.6
CUST-0386,2026-03-05,Groceries,1224.84
CUST-0001,2026-03-04,Bills,8119.13
CUST-0212,2026-03-04,Healthcare,6891.34
CUST-0140,2026-03-04,Groceries,2256.18
CUST-0003,2026-03-04,Entertainment,4297.53
CUST-0398,2026-03-04,Transport,8585.4
CUST-0073,2026-03-04,Bills,3249.12
CUST-0408,2026-03-04,Travel,233.08
CUST-0275,2026-03-04,Bills,406.56
CUST-0356,2026-03-04,Dining,378.73
CUST-0317,2026-03-04,Transport,1037.07
CUST-0456,2026-03-03,Dining,3672.34
CUST-0404,2026-03-03,Shopping,3513.01
CUST-0321,2026-03-03,Travel,12677.62
CUST-0323,2026-03-03,Bills,1022.24
CUST-0388,2026-03-02,Groceries,771.09
CUST-0136,2026-03-02,Entertainment,1823.56
CUST-0070,2026-03-02,Dining,244.16
CUST-0348,2026-03-02,Dining,1808.27
CUST-0251,2026-03-02,Travel,1344.84
CUST-0135,2026-03-02,Bills,2642.08
CUST-0054,2026-03-02,Dining,544.28
CUST-0231,2026-03-02,Entertainment,588.46
CUST-0273,2026-03-02,Dining,2125.55
CUST-0288,2026-03-02,Entertainment,1479.96
CUST-0450,2026-03-01,Bills,7700.9
CUST-0161,2026-03-01,Shopping,188.02
CUST-0042,2026-03-01,Shopping,1083.45
CUST-0296,2026-03-01,Entertainment,1000.63
CUST-0334,2026-03-01,Dining,3281.75
CUST-0144,2026-03-01,Dining,1978.12
CUST-0234,2026-03-01,Groceries,430.86
CUST-0458,2026-03-01,Healthcare,6768.99
CUST-0402,2026-03-01,Groceries,1509.34
CUST-0184,2026-03-01,Shopping,1810.52
CUST-0062,2026-03-01,Transport,3816.21
CUST-0371,2026-03-01,Travel,7883.11
CUST-0476,2026-03-01,Dining,2432.16
CUST-0218,2026-02-28,Groceries,3146.59
CUST-0075,2026-02-28,Dining,6983.82
CUST-0304,2026-02-28,Groceries,2985.55
CUST-0125,2026-02-28,Transport,9130.86
CUST-0030,2026-02-28,Entertainment,3888.64
CUST-0404,2026-02-27,Shopping,3788.96
CUST-0424,2026-02-27,Transport,1066.06
CUST-0045,2026-02-27,Groceries,9032.01
CUST-0287,2026-02-27,Dining,1053.47
CUST-0285,2026-02-27,Transport,4006.05
CUST-0370,2026-02-27,Shopping,1022.28
CUST-0189,2026-02-27,Healthcare,3512.54
CUST-0289,2026-02-27,Healthcare,1463.71
CUST-0310,2026-02-27,Entertainment,458.06
CUST-0189,2026-02-26,Groceries,353.13
CUST-0461,2026-02-26,Travel,1114.41
CUST-0375,2026-02-26,Healthcare,6498.59
CUST-0484,2026-02-26,Bills,1551.03
CUST-0337,2026-02-26,Bills,215.6
CUST-0074,2026-02-25,Groceries,862.17
CUST-0440,2026-02-25,Healthcare,1291.73
CUST-0385,2026-02-25,Dining,775.08
CUST-0411,2026-02-25,Shopping,4385.68
CUST-0254,2026-02-25,Transport,1541.11
CUST-0172,2026-02-25,Groceries,546.0
CUST-0473,2026-02-24,Transport,2483.36
CUST-0022,2026-02-24,Bills,4983.05
CUST-0225,2026-02-24,Shopping,479.77
CUST-0186,2026-02-24,Shopping,3368.81
CUST-0190,2026-02-24,Dining,3534.08
CUST-0371,2026-02-24,Transport,2051.48
CUST-0180,2026-02-24,Shopping,714.67
CUST-0077,2026-02-24,Bills,613.35
CUST-0304,2026-02-24,Bills,4866.58
CUST-0176,2026-02-24,Travel,2558.38
CUST-0027,2026-02-23,Dining,1009.91
CUST-0074,2026-02-23,Transport,1076.42
CUST-0485,2026-02-23,Travel,165.38
CUST-0216,2026-02-23,Bills,5431.26
CUST-0243,2026-02-23,Groceries,4408.41
CUST-0471,2026-02-23,Groceries,1010.85
CUST-0094,2026-02-23,Groceries,1259.17
CUST-0402,2026-02-23,Shopping,1512.92
CUST-0146,2026-02-23,Groceries,1963.34
CUST-0348,2026-02-23,Healthcare,3271.83
CUST-0261,2026-02-22,Groceries,649.84
CUST-0069,2026-02-22,Groceries,1567.23
CUST-0006,2026-02-22,Shopping,2029.41
CUST-0374,2026-02-22,Entertainment,255.15
CUST-0406,2026-02-22,Entertainment,2401.0
CUST-0072,2026-02-22,Dining,1248.41
CUST-0125,2026-02-22,Groceries,5728.07
CUST-0025,2026-02-22,Travel,1258.62
CUST-0156,2026-02-22,Shopping,6150.68
CUST-0352,2026-02-22,Groceries,2164.14
CUST-0380,2026-02-22,Groceries,5357.73
CUST-0272,2026-02-22,Dining,2337.11
CUST-0047,2026-02-22,Dining,2799.02
CUST-0306,2026-02-22,Shopping,1812.43
CUST-0034,2026-02-22,Dining,15032.88
CUST-0301,2026-02-22,Dining,6778.58
CUST-0456,2026-02-22,Bills,220.75
CUST-0359,2026-02-22,Groceries,1461.97
CUST-0373,2026-02-21,Groceries,1027.18
CUST-0459,2026-02-21,Transport,913.78
CUST-0061,2026-02-21,Entertainment,2777.99
CUST-0450,2026-02-21,Groceries,8523.88
CUST-0148,2026-02-21,Shopping,785.82
CUST-0462,2026-02-21,Healthcare,564.32
CUST-0268,2026-02-21,Travel,1168.01
CUST-0429,2026-02-20,Dining,11209.46
CUST-0455,2026-02-20,Shopping,1096.92
CUST-0308,2026-02-20,Groceries,7044.02
CUST-0220,2026-02-20,Bills,1514.4
CUST-0353,2026-02-20,Groceries,462.19
CUST-0215,2026-02-19,Shopping,17108.92
CUST-0396,2026-02-19,Transport,3208.65
CUST-0373,2026-02-19,Travel,3034.27
CUST-0133,2026-02-19,Groceries,524.03
CUST-0400,2026-02-19,Shopping,8588.07
CUST-0435,2026-02-19,Groceries,12021.25
CUST-0168,2026-02-19,Groceries,1127.18
CUST-0017,2026-02-19,Healthcare,1921.98
CUST-0039,2026-02-19,Travel,2925.52
CUST-0095,2026-02-19,Bills,6791.16
CUST-0401,2026-02-19,Groceries,2271.11
CUST-0213,2026-02-18,Healthcare,2668.2
CUST-0215,2026-02-18,Bills,9683.08
CUST-0494,2026-02-18,Transport,1006.98
CUST-0075,2026-02-18,Transport,5521.86
CUST-0335,2026-02-18,Groceries,6243.89
CUST-0295,2026-02-18,Groceries,3286.69
CUST-0080,2026-02-17,Healthcare,1261.41
CUST-0371,2026-02-17,Shopping,656.18
CUST-0197,2026-02-17,Transport,2867.74
CUST-0227,2026-02-17,Entertainment,6565.81
CUST-0312,2026-02-17,Dining,3787.55
CUST-0170,2026-02-17,Healthcare,1621.21
CUST-0009,2026-02-17,Bills,1022.76
CUST-0370,2026-02-17,Healthcare,2641.07
CUST-0003,2026-02-17,Bills,1313.25
CUST-0480,2026-02-16,Dining,3100.35
CUST-0121,2026-02-16,Dining,1100.69
CUST-0143,2026-02-16,Transport,1806.42
CUST-0399,2026-02-15,Groceries,981.28
CUST-0360,2026-02-15,Shopping,3964.77
CUST-0045,2026-02-15,Travel,1024.13
CUST-0389,2026-02-15,Shopping,2271.46
CUST-0226,2026-02-15,Groceries,10858.98
CUST-0048,2026-02-15,Bills,14691.02
CUST-0094,2026-02-15,Healthcare,1559.76
CUST-0357,2026-02-15,Transport,365.23
CUST-0369,2026-02-15,Shopping,430.06
CUST-0389,2026-02-15,Bills,5980.97
CUST-0236,2026-02-14,Groceries,5499.19
CUST-0472,2026-02-14,Bills,1370.43
CUST-0121,2026-02-14,Groceries,315.38
CUST-0059,2026-02-14,Dining,1756.06
CUST-0342,2026-02-13,Transport,210.42
CUST-0249,2026-02-13,Transport,1972.88
CUST-0201,2026-02-13,Dining,181.71
CUST-0440,2026-02-13,Travel,691.89
CUST-0189,2026-02-13,Dining,11296.53
CUST-0342,2026-02-13,Shopping,1784.23
CUST-0480,2026-02-13,Bills,946.72
CUST-0106,2026-02-12,Healthcare,2743.47
CUST-0414,2026-02-12,Transport,2416.68
CUST-0089,2026-02-12,Bills,2977.62
CUST-0438,2026-02-12,Travel,791.76
CUST-0102,2026-02-12,Healthcare,1480.63
CUST-0471,2026-02-12,Entertainment,1857.33
CUST-0005,2026-02-12,Entertainment,783.84
CUST-0082,2026-02-12,Transport,5804.27
CUST-0041,2026-02-12,Shopping,870.83
CUST-0295,2026-02-12,Travel,2503.46
CUST-0343,2026-02-11,Groceries,1051.98
CUST-0050,2026-02-11,Entertainment,1038.08
CUST-0270,2026-02-11,Healthcare,3097.3
CUST-0032,2026-02-11,Entertainment,1358.73
CUST-0210,2026-02-11,Bills,2241.44
CUST-0287,2026-02-11,Groceries,2388.57
CUST-0443,2026-02-11,Groceries,1144.76
CUST-0401,2026-02-10,Healthcare,1848.34
CUST-0331,2026-02-10,Entertainment,506.93
CUST-0077,2026-02-10,Groceries,186.89
CUST-0032,2026-02-10,Dining,1216.8
CUST-0180,2026-02-10,Shopping,3300.54
CUST-0276,2026-02-10,Dining,6579.0
CUST-0428,2026-02-10,Groceries,556.62
CUST-0426,2026-02-10,Shopping,595.79
CUST-0222,2026-02-10,Travel,2644.63
CUST-0487,2026-02-10,Shopping,1002.55
CUST-0446,2026-02-10,Travel,14193.32
CUST-0216,2026-02-10,Dining,638.28
CUST-0495,2026-02-10,Bills,2413.13
CUST-0458,2026-02-10,Dining,2133.23
CUST-0303,2026-02-10,Dining,698.64
CUST-0244,2026-02-09,Bills,5244.77
CUST-0251,2026-02-09,Transport,1202.28
CUST-0025,2026-02-09,Transport,9065.07
CUST-0471,2026-02-09,Healthcare,2130.3
CUST-0001,2026-02-09,Bills,4027.15
CUST-0074,2026-02-09,Groceries,2983.61
CUST-0455,2026-02-09,Shopping,2054.92
CUST-0082,2026-02-09,Transport,573.01
CUST-0352,2026-02-09,Shopping,9625.0
CUST-0057,2026-02-08,Groceries,2656.87
CUST-0362,2026-02-08,Healthcare,237.12
CUST-0152,2026-02-08,Transport,804.37
CUST-0256,2026-02-08,Entertainment,770.01
CUST-0259,2026-02-07,Bills,1789.73
CUST-0373,2026-02-07,Shopping,693.67
CUST-0207,2026-02-07,Shopping,2362.84
CUST-0227,2026-02-07,Shopping,4527.29
CUST-0300,2026-02-07,Bills,149.36
CUST-0360,2026-02-07,Healthcare,1397.25
CUST-0296,2026-02-07,Travel,1376.99
CUST-0036,2026-02-07,Travel,1083.72
CUST-0170,2026-02-07,Travel,315.29
CUST-0329,2026-02-06,Healthcare,1646.27
CUST-0146,2026-02-06,Healthcare,1140.61
CUST-0436,2026-02-06,Bills,672.2
CUST-0231,2026-02-06,Healthcare,10575.62
CUST-0194,2026-02-06,Dining,3115.38
CUST-0308,2026-02-06,Groceries,604.8
CUST-0392,2026-02-06,Groceries,4546.17
CUST-0409,2026-02-06,Bills,2524.7
CUST-0278,2026-02-06,Transport,492.01
CUST-0169,2026-02-05,Transport,1170.99
CUST-0259,2026-02-05,Entertainment,6083.76
CUST-0441,2026-02-05,Groceries,550.48
CUST-0023,2026-02-05,Healthcare,1515.19
CUST-0236,2026-02-05,Shopping,409.23
CUST-0187,2026-02-05,Transport,467.27
CUST-0409,2026-02-05,Healthcare,1610.8
CUST-0484,2026-02-04,Travel,5946.39
CUST-0310,2026-02-04,Travel,11733.65
CUST-0458,2026-02-04,Transport,3541.09
CUST-0184,2026-02-03,Shopping,7632.33
CUST-0487,2026-02-03,Travel,6551.24
CUST-0215,2026-02-03,Healthcare,1837.05
CUST-0074,2026-02-03,Travel,2687.97
CUST-0189,2026-02-03,Bills,421.79
CUST-0387,2026-02-03,Groceries,432.98
CUST-0412,2026-02-03,Groceries,2216.72
CUST-0439,2026-02-03,Travel,481.62
CUST-0254,2026-02-03,Groceries,3731.2
CUST-0280,2026-02-03,Groceries,1168.26
CUST-0243,2026-02-03,Transport,3484.57
CUST-0222,2026-02-03,Shopping,2722.77
CUST-0415,2026-02-03,Bills,1684.4
CUST-0269,2026-02-02,Dining,814.07
CUST-0378,2026-02-02,Dining,1278.45
CUST-0129,2026-02-02,Dining,730.05
CUST-0037,2026-02-02,Groceries,316.75
CUST-0236,2026-02-02,Healthcare,165.46
CUST-0057,2026-02-02,Travel,8514.28
CUST-0407,2026-02-02,Groceries,3977.23
CUST-0136,2026-02-02,Transport,4184.36
CUST-0312,2026-02-02,Entertainment,14696.2
CUST-0368,2026-02-02,Entertainment,5181.15
CUST-0068,2026-02-02,Transport,1508.01
CUST-0104,2026-02-01,Groceries,2986.3
CUST-0468,2026-02-01,Travel,425.41
CUST-0082,2026-02-01,Groceries,3846.39
CUST-0039,2026-02-01,Bills,2786.58
CUST-0328,2026-02-01,Bills,3820.33
CUST-0303,2026-02-01,Dining,2831.28
CUST-0085,2026-02-01,Transport,3625.17
CUST-0359,2026-02-01,Shopping,2718.67
CUST-0220,2026-02-01,Shopping,935.7
CUST-0233,2026-02-01,Bills,3603.47
CUST-0130,2026-01-31,Groceries,3316.46
CUST-0442,2026-01-31,Healthcare,689.32
CUST-0170,2026-01-31,Groceries,263.77
CUST-0079,2026-01-31,Dining,2063.56
CUST-0282,2026-01-31,Shopping,14983.44
CUST-0491,2026-01-30,Entertainment,354.11
CUST-0242,2026-01-30,Travel,2149.23
CUST-0246,2026-01-30,Dining,506.16
CUST-0264,2026-01-30,Groceries,14855.73
CUST-0479,2026-01-30,Transport,796.53
CUST-0292,2026-01-30,Dining,1207.92
CUST-0433,2026-01-29,Groceries,5481.46
CUST-0482,2026-01-29,Bills,2139.8
CUST-0035,2026-01-29,Groceries,1371.82
CUST-0324,2026-01-29,Groceries,3473.25
CUST-0140,2026-01-29,Entertainment,2600.93
CUST-0302,2026-01-29,Groceries,2745.28
CUST-0295,2026-01-29,Groceries,125.12
CUST-0462,2026-01-29,Dining,968.98
CUST-0201,2026-01-29,Dining,2812.39
CUST-0293,2026-01-29,Healthcare,2057.12
CUST-0070,2026-01-28,Shopping,11147.89
CUST-0253,2026-01-28,Groceries,1313.83
CUST-0304,2026-01-28,Travel,6949.62
CUST-0083,2026-01-28,Travel,626.19
CUST-0039,2026-01-28,Bills,508.77
CUST-0058,2026-01-28,Groceries,3842.83
CUST-0306,2026-01-28,Bills,660.66
CUST-0422,2026-01-27,Groceries,3454.49
CUST-0444,2026-01-27,Dining,1614.94
CUST-0484,2026-01-27,Bills,5287.23
CUST-0201,2026-01-27,Entertainment,781.22
CUST-0371,2026-01-27,Groceries,1046.26
CUST-0090,2026-01-27,Travel,1360.55
CUST-0169,2026-01-27,Travel,7679.1
CUST-0085,2026-01-26,Travel,1654.67
CUST-0484,2026-01-26,Dining,2209.58
CUST-0063,2026-01-26,Travel,4133.69
CUST-0405,2026-01-26,Bills,427.31
CUST-0333,2026-01-26,Dining,3893.33
CUST-0361,2026-01-26,Healthcare,406.85
CUST-0360,2026-01-26,Dining,11579.68
CUST-0218,2026-01-26,Travel,2632.53
CUST-0216,2026-01-25,Transport,1526.5
CUST-0418,2026-01-25,Bills,3243.5
CUST-0389,2026-01-25,Bills,983.28
CUST-0445,2026-01-25,Travel,2585.68
CUST-0447,2026-01-25,Transport,2285.86
CUST-0253,2026-01-25,Transport,3882.94
CUST-0133,2026-01-25,Travel,437.22
CUST-0073,2026-01-25,Groceries,2574.63
CUST-0494,2026-01-25,Dining,2194.27
CUST-0136,2026-01-25,Bills,1903.65
CUST-0196,2026-01-25,Entertainment,3657.66
CUST-0180,2026-01-25,Bills,270.52
CUST-0078,2026-01-25,Entertainment,1048.66
CUST-0049,2026-01-25,Groceries,373.41
CUST-0167,2026-01-25,Groceries,801.03
CUST-0025,2026-01-24,Dining,1673.69
CUST-0137,2026-01-24,Groceries,779.31
CUST-0344,2026-01-24,Entertainment,5522.28
CUST-0019,2026-01-24,Dining,1767.03
CUST-0202,2026-01-24,Dining,552.9
CUST-0169,2026-01-24,Dining,9905.44
CUST-0056,2026-01-24,Groceries,723.67
CUST-0157,2026-01-24,Travel,2888.33
CUST-0029,2026-01-23,Bills,1670.17
CUST-0255,2026-01-23,Groceries,999.08
CUST-0359,2026-01-23,Shopping,6822.4
CUST-0442,2026-01-23,Bills,2304.75
CUST-0353,2026-01-23,Transport,2657.41
CUST-0491,2026-01-23,Shopping,607.65
CUST-0387,2026-01-23,Transport,989.08
CUST-0390,2026-01-23,Groceries,3109.87
CUST-0188,2026-01-23,Shopping,2298.83
CUST-0472,2026-01-23,Groceries,879.56
CUST-0007,2026-01-23,Entertainment,884.74
CUST-0267,2026-01-23,Travel,1367.33
CUST-0054,2026-01-23,Healthcare,619.93
CUST-0264,2026-01-22,Groceries,1582.39
CUST-0235,2026-01-22,Groceries,3111.98
CUST-0018,2026-01-22,Travel,640.78
CUST-0015,2026-01-22,Groceries,1256.05
CUST-0073,2026-01-22,Travel,1212.38
CUST-0174,2026-01-22,Healthcare,3897.19
CUST-0305,2026-01-21,Bills,3506.48
CUST-0052,2026-01-21,Transport,8817.38
CUST-0246,2026-01-21,Shopping,17799.6
CUST-0313,2026-01-21,Dining,5231.56
CUST-0344,2026-01-21,Groceries,985.8
CUST-0211,2026-01-21,Travel,2263.7
CUST-0456,2026-01-21,Shopping,533.71
CUST-0495,2026-01-21,Dining,1333.19
CUST-0172,2026-01-20,Dining,1889.39
CUST-0422,2026-01-20,Bills,628.41
CUST-0091,2026-01-20,Dining,3142.37
CUST-0366,2026-01-20,Entertainment,2161.7
CUST-0164,2026-01-20,Dining,5112.32
CUST-0339,2026-01-20,Entertainment,4906.95
CUST-0267,2026-01-20,Dining,14411.8
CUST-0173,2026-01-19,Groceries,1101.44
CUST-0355,2026-01-19,Shopping,947.21
CUST-0312,2026-01-19,Transport,9572.65
CUST-0368,2026-01-19,Dining,5384.32
CUST-0420,2026-01-19,Healthcare,1382.79
CUST-0446,2026-01-19,Travel,4279.23
CUST-0069,2026-01-19,Entertainment,2863.36
CUST-0218,2026-01-19,Transport,6059.37
CUST-0030,2026-01-18,Shopping,2156.19
CUST-0222,2026-01-18,Dining,968.61
CUST-0056,2026-01-18,Groceries,6456.09
CUST-0321,2026-01-18,Groceries,4445.02
CUST-0354,2026-01-18,Shopping,1220.25
CUST-0464,2026-01-18,Dining,4755.43
CUST-0456,2026-01-17,Entertainment,8136.79
CUST-0155,2026-01-17,Groceries,2896.68
CUST-0060,2026-01-17,Transport,1494.15
CUST-0491,2026-01-17,Shopping,2073.07
CUST-0494,2026-01-17,Shopping,883.87
CUST-0131,2026-01-17,Dining,406.75
CUST-0225,2026-01-16,Shopping,5223.66
CUST-0013,2026-01-16,Entertainment,6004.73
CUST-0321,2026-01-16,Groceries,288.81
CUST-0391,2026-01-16,Bills,1076.53
CUST-0020,2026-01-16,Dining,1773.09
CUST-0249,2026-01-16,Dining,489.97
CUST-0303,2026-01-16,Entertainment,762.98
CUST-0204,2026-01-16,Travel,2375.84
CUST-0128,2026-01-15,Shopping,18935.42
CUST-0038,2026-01-15,Dining,3710.29
CUST-0249,2026-01-15,Groceries,1665.16
CUST-0377,2026-01-15,Bills,695.73
CUST-0488,2026-01-15,Groceries,2490.36
CUST-0100,2026-01-15,Travel,556.14
CUST-0176,2026-01-14,Healthcare,3342.1
CUST-0340,2026-01-14,Entertainment,17581.41
CUST-0230,2026-01-14,Groceries,827.91
CUST-0186,2026-01-14,Entertainment,5016.44
CUST-0313,2026-01-14,Bills,1439.31
CUST-0088,2026-01-14,Groceries,4165.81
CUST-0143,2026-01-13,Shopping,2082.54
CUST-0244,2026-01-13,Transport,2132.55
CUST-0271,2026-01-13,Transport,661.7
CUST-0442,2026-01-13,Bills,780.5
CUST-0251,2026-01-13,Groceries,2541.1
CUST-0374,2026-01-13,Shopping,2646.83
CUST-0352,2026-01-13,Transport,725.99
CUST-0409,2026-01-13,Groceries,1509.68
CUST-0229,2026-01-13,Groceries,2286.36
CUST-0315,2026-01-12,Travel,5005.58
CUST-0167,2026-01-12,Groceries,3257.77
CUST-0409,2026-01-12,Shopping,486.32
CUST-0185,2026-01-12,Healthcare,1818.32
CUST-0393,2026-01-12,Travel,1542.08
CUST-0255,2026-01-12,Shopping,2135.75
CUST-0209,2026-01-12,Bills,5493.33
CUST-0479,2026-01-12,Travel,3276.78
CUST-0368,2026-01-12,Healthcare,1195.61
CUST-0237,2026-01-11,Dining,1985.33
CUST-0345,2026-01-11,Bills,7787.03
CUST-0435,2026-01-11,Travel,3591.45
CUST-0071,2026-01-11,Groceries,18891.47
CUST-0401,2026-01-11,Shopping,3751.83
CUST-0412,2026-01-11,Travel,2682.09
CUST-0341,2026-01-11,Groceries,9158.08
CUST-0176,2026-01-11,Groceries,2447.73
CUST-0088,2026-01-11,Transport,1137.48
CUST-0436,2026-01-11,Bills,614.83
CUST-0426,2026-01-10,Dining,1904.67
CUST-0443,2026-01-10,Bills,4341.97
CUST-0123,2026-01-10,Bills,1057.67
CUST-0478,2026-01-10,Groceries,333.04
CUST-0286,2026-01-10,Transport,447.63
CUST-0226,2026-01-09,Groceries,3069.96
CUST-0449,2026-01-09,Entertainment,8819.01
CUST-0100,2026-01-09,Bills,4647.76
CUST-0088,2026-01-09,Shopping,3827.49
CUST-0007,2026-01-09,Groceries,3934.25
CUST-0044,2026-01-09,Groceries,3083.39
CUST-0321,2026-01-09,Entertainment,3407.89
CUST-0491,2026-01-08,Travel,182.37
CUST-0357,2026-01-08,Dining,979.54
CUST-0421,2026-01-08,Travel,971.84
CUST-0064,2026-01-08,Bills,2172.35
CUST-0488,2026-01-08,Groceries,516.25
CUST-0123,2026-01-07,Groceries,1548.25
CUST-0186,2026-01-07,Shopping,1202.94
CUST-0058,2026-01-07,Shopping,3165.66
CUST-0396,2026-01-07,Shopping,4315.66
CUST-0297,2026-01-07,Entertainment,1691.11
CUST-0013,2026-01-07,Bills,1739.97
CUST-0127,2026-01-07,Shopping,7031.02
CUST-0431,2026-01-07,Transport,1770.31
CUST-0234,2026-01-07,Healthcare,2458.68
CUST-0126,2026-01-07,Healthcare,355.09
CUST-0023,2026-01-07,Dining,2317.6
CUST-0469,2026-01-07,Shopping,614.83
CUST-0374,2026-01-07,Shopping,3244.86
CUST-0260,2026-01-06,Dining,1347.99
CUST-0049,2026-01-06,Shopping,8486.39
CUST-0283,2026-01-06,Dining,1504.51
CUST-0330,2026-01-06,Travel,1092.63
CUST-0278,2026-01-06,Transport,1206.53
CUST-0070,2026-01-06,Shopping,387.6
CUST-0222,2026-01-06,Shopping,978.66
CUST-0160,2026-01-06,Transport,3609.63
CUST-0201,2026-01-05,Healthcare,736.06
CUST-0190,2026-01-05,Dining,1848.0
CUST-0006,2026-01-05,Groceries,1266.2
CUST-0393,2026-01-05,Transport,3371.84
CUST-0383,2026-01-05,Healthcare,3260.54
CUST-0442,2026-01-05,Bills,28532.16
CUST-0289,2026-01-04,Groceries,1608.29
CUST-0106,2026-01-04,Bills,7340.68
CUST-0221,2026-01-04,Shopping,687.99
CUST-0395,2026-01-04,Groceries,1619.88
CUST-0020,2026-01-04,Groceries,6324.24
CUST-0458,2026-01-04,Healthcare,2785.95
CUST-0431,2026-01-04,Transport,2776.62
CUST-0304,2026-01-04,Groceries,1517.52
CUST-0006,2026-01-04,Dining,3467.69
CUST-0205,2026-01-04,Dining,3000.33
CUST-0082,2026-01-03,Bills,1709.65
CUST-0154,2026-01-03,Travel,1321.74
CUST-0191,2026-01-03,Bills,753.23
CUST-0298,2026-01-03,Dining,690.68
CUST-0003,2026-01-03,Bills,7002.85
CUST-0450,2026-01-02,Groceries,1286.3
CUST-0275,2026-01-02,Groceries,2674.0
CUST-0419,2026-01-02,Dining,2214.96
CUST-0475,2026-01-02,Groceries,2042.08
CUST-0200,2026-01-02,Travel,1477.14
CUST-0205,2026-01-02,Travel,1263.16
CUST-0401,2026-01-02,Dining,3617.97
CUST-0482,2026-01-02,Bills,1497.54
CUST-0375,2026-01-02,Bills,9684.42
CUST-0095,2026-01-02,Dining,744.36
CUST-0279,2026-01-01,Groceries,2458.43
CUST-0458,2026-01-01,Entertainment,3832.98
CUST-0351,2026-01-01,Bills,1385.8
CUST-0289,2026-01-01,Transport,4172.17
CUST-0075,2026-01-01,Bills,2075.95
CUST-0458,2026-01-01,Shopping,271.67
CUST-0214,2026-01-01,Groceries,663.97
CUST-0296,2026-01-01,Bills,1193.97
CUST-0204,2026-01-01,Shopping,361.92
CUST-0459,2026-01-01,Groceries,152.69
CUST-0178,2026-01-01,Bills,1045.13
CUST-0212,2026-01-01,Dining,819.06
CUST-0282,2026-01-01,Transport,5123.74
CUST-0417,2026-01-01,Dining,1646.78
CUST-0047,2025-12-31,Travel,10108.52
CUST-0437,2025-12-31,Shopping,994.86
CUST-0078,2025-12-31,Shopping,822.36
CUST-0273,2025-12-31,Groceries,472.67
CUST-0247,2025-12-31,Shopping,6809.21
CUST-0085,2025-12-30,Dining,2339.26
CUST-0309,2025-12-30,Shopping,629.65
CUST-0112,2025-12-30,Shopping,1358.51
CUST-0387,2025-12-30,Dining,1555.93
CUST-0029,2025-12-30,Groceries,1641.24
CUST-0460,2025-12-30,Groceries,1015.49
CUST-0437,2025-12-30,Shopping,2170.83
CUST-0161,2025-12-30,Dining,1274.74
CUST-0295,2025-12-29,Shopping,1573.51
CUST-0304,2025-12-29,Dining,4110.26
CUST-0119,2025-12-29,Shopping,2447.31
CUST-0079,2025-12-29,Transport,1980.95
CUST-0251,2025-12-29,Shopping,6521.82
CUST-0066,2025-12-29,Groceries,468.19
CUST-0476,2025-12-29,Entertainment,4670.13
CUST-0239,2025-12-29,Bills,2190.41
CUST-0118,2025-12-29,Groceries,603.17
CUST-0293,2025-12-29,Shopping,2587.99
CUST-0077,2025-12-28,Travel,125.8
CUST-0024,2025-12-28,Bills,2782.06
CUST-0324,2025-12-28,Shopping,6176.66
CUST-0285,2025-12-28,Dining,1184.58
CUST-0467,2025-12-28,Dining,1369.43
CUST-0130,2025-12-28,Groceries,5017.81
CUST-0450,2025-12-28,Bills,239.31
CUST-0017,2025-12-28,Bills,1014.61
CUST-0134,2025-12-28,Entertainment,830.14
CUST-0432,2025-12-28,Groceries,1610.08
CUST-0366,2025-12-27,Transport,12926.54
CUST-0406,2025-12-27,Shopping,239.35
CUST-0018,2025-12-27,Travel,1664.21
CUST-0262,2025-12-27,Groceries,465.39
CUST-0040,2025-12-27,Groceries,2122.83
CUST-0152,2025-12-26,Groceries,200.61
CUST-0457,2025-12-26,Bills,1190.42
CUST-0133,2025-12-26,Groceries,274.26
CUST-0386,2025-12-26,Entertainment,5206.87
CUST-0437,2025-12-26,Travel,1100.97
CUST-0294,2025-12-26,Entertainment,2509.86
CUST-0135,2025-12-26,Shopping,4456.85
CUST-0278,2025-12-26,Bills,1087.24
CUST-0427,2025-12-26,Shopping,1535.11
CUST-0375,2025-12-26,Groceries,6343.12
CUST-0042,2025-12-26,Groceries,4993.0
CUST-0188,2025-12-26,Bills,1357.17
CUST-0235,2025-12-25,Travel,9022.86
CUST-0274,2025-12-25,Travel,3915.97
CUST-0495,2025-12-25,Bills,3792.0
CUST-0304,2025-12-25,Entertainment,12471.94
CUST-0470,2025-12-25,Dining,732.42
CUST-0417,2025-12-25,Bills,10430.25
CUST-0107,2025-12-25,Dining,451.81
CUST-0283,2025-12-24,Shopping,424.02
CUST-0350,2025-12-24,Groceries,1354.25
CUST-0454,2025-12-24,Dining,729.98
CUST-0169,2025-12-24,Shopping,7598.91
CUST-0316,2025-12-24,Travel,1128.73
CUST-0398,2025-12-24,Bills,720.33
CUST-0052,2025-12-24,Travel,147.2
CUST-0489,2025-12-24,Entertainment,615.67
CUST-0109,2025-12-24,Travel,1803.69
CUST-0197,2025-12-23,Dining,4808.84
CUST-0390,2025-12-23,Dining,3939.81
CUST-0446,2025-12-23,Transport,324.79
CUST-0342,2025-12-23,Travel,1063.22
CUST-0146,2025-12-23,Dining,3229.69
CUST-0024,2025-12-23,Entertainment,1994.54
CUST-0032,2025-12-22,Dining,6588.13
CUST-0094,2025-12-22,Healthcare,6735.84
CUST-0132,2025-12-22,Groceries,1053.49
CUST-0065,2025-12-22,Dining,2377.12
CUST-0491,2025-12-22,Healthcare,1790.84
CUST-0486,2025-12-21,Entertainment,1448.02
CUST-0469,2025-12-21,Healthcare,14728.12
CUST-0290,2025-12-21,Groceries,1231.24
CUST-0210,2025-12-21,Shopping,1906.76
CUST-0008,2025-12-21,Dining,628.14
CUST-0292,2025-12-21,Travel,782.63
CUST-0442,2025-12-21,Shopping,728.69
CUST-0054,2025-12-21,Bills,4379.91
CUST-0361,2025-12-21,Groceries,2472.14
CUST-0067,2025-12-21,Bills,1469.4
CUST-0347,2025-12-20,Groceries,5503.75
CUST-0171,2025-12-20,Groceries,2180.22
CUST-0298,2025-12-20,Shopping,3103.17
CUST-0288,2025-12-20,Shopping,2671.19
CUST-0086,2025-12-20,Entertainment,8641.59
CUST-0305,2025-12-20,Travel,1700.17
CUST-0469,2025-12-20,Dining,732.72
CUST-0049,2025-12-20,Shopping,4366.45
CUST-0033,2025-12-20,Dining,1543.03
CUST-0160,2025-12-20,Shopping,425.3
CUST-0324,2025-12-19,Bills,1470.04
CUST-0216,2025-12-19,Groceries,2199.64
CUST-0415,2025-12-19,Bills,596.7
CUST-0202,2025-12-19,Healthcare,1985.72
CUST-0413,2025-12-19,Groceries,656.32
CUST-0070,2025-12-19,Travel,1191.16
CUST-0230,2025-12-19,Entertainment,389.53
CUST-0181,2025-12-19,Bills,1284.57
CUST-0283,2025-12-19,Transport,80.0
CUST-0054,2025-12-19,Groceries,1923.75
CUST-0097,2025-12-19,Healthcare,8183.38
CUST-0248,2025-12-19,Dining,3801.56
CUST-0104,2025-12-18,Groceries,2163.58
CUST-0077,2025-12-18,Groceries,693.31
CUST-0067,2025-12-18,Dining,624.25
CUST-0413,2025-12-18,Dining,163.48
CUST-0339,2025-12-18,Healthcare,5072.64
CUST-0255,2025-12-17,Shopping,2578.9
CUST-0327,2025-12-17,Transport,863.9
CUST-0329,2025-12-17,Transport,1305.08
CUST-0356,2025-12-17,Transport,5763.28
CUST-0098,2025-12-17,Shopping,1716.92
CUST-0085,2025-12-17,Bills,2746.85
CUST-0241,2025-12-17,Dining,1474.12
CUST-0202,2025-12-17,Travel,466.98
CUST-0340,2025-12-17,Healthcare,828.82
CUST-0073,2025-12-17,Bills,1763.0
CUST-0371,2025-12-17,Travel,7489.66
CUST-0318,2025-12-16,Groceries,555.61
CUST-0256,2025-12-16,Healthcare,896.03
CUST-0387,2025-12-16,Shopping,1979.02
CUST-0218,2025-12-16,Travel,1098.59
CUST-0152,2025-12-16,Bills,651.15
CUST-0067,2025-12-16,Dining,1042.4
CUST-0250,2025-12-16,Travel,7870.13
CUST-0047,2025-12-16,Shopping,1327.21
CUST-0209,2025-12-16,Bills,1291.65
CUST-0426,2025-12-15,Healthcare,2573.87
CUST-0093,2025-12-15,Groceries,5022.41
CUST-0473,2025-12-15,Groceries,491.39
CUST-0102,2025-12-15,Bills,5314.79
CUST-0212,2025-12-15,Transport,18594.12
CUST-0386,2025-12-14,Groceries,530.4
CUST-0440,2025-12-14,Groceries,1851.22
CUST-0218,2025-12-14,Travel,3140.29
CUST-0153,2025-12-14,Transport,1789.17
CUST-0031,2025-12-14,Dining,623.22
CUST-0088,2025-12-14,Groceries,371.52
CUST-0398,2025-12-14,Shopping,6642.82
CUST-0443,2025-12-14,Dining,1066.04
CUST-0221,2025-12-13,Groceries,4833.45
CUST-0024,2025-12-13,Entertainment,22095.99
CUST-0077,2025-12-13,Bills,2203.87
CUST-0471,2025-12-13,Bills,2147.22
CUST-0252,2025-12-13,Dining,1805.03
CUST-0373,2025-12-12,Transport,922.97
CUST-0349,2025-12-12,Groceries,2817.95
CUST-0297,2025-12-12,Groceries,21201.64
CUST-0333,2025-12-12,Shopping,337.55
CUST-0134,2025-12-12,Dining,3071.65
CUST-0014,2025-12-12,Transport,1007.29
CUST-0173,2025-12-12,Bills,5116.31
CUST-0219,2025-12-12,Travel,4038.32
CUST-0058,2025-12-12,Bills,2026.11
CUST-0039,2025-12-12,Bills,486.65
CUST-0080,2025-12-11,Transport,4420.98
CUST-0153,2025-12-11,Shopping,31330.07
CUST-0413,2025-12-11,Bills,299.29
CUST-0310,2025-12-11,Transport,948.85
CUST-0309,2025-12-11,Transport,2063.9
CUST-0161,2025-12-11,Groceries,1045.93
CUST-0412,2025-12-11,Shopping,7308.7
CUST-0406,2025-12-11,Shopping,2845.78
CUST-0007,2025-12-10,Shopping,5362.59
CUST-0178,2025-12-10,Bills,3228.3
CUST-0469,2025-12-10,Transport,1133.07
CUST-0373,2025-12-10,Shopping,342.99
CUST-0047,2025-12-10,Shopping,1429.99
CUST-0255,2025-12-10,Dining,963.93
CUST-0335,2025-12-10,Entertainment,1114.52
CUST-0270,2025-12-10,Groceries,2175.2
CUST-0236,2025-12-10,Shopping,2463.96
CUST-0203,2025-12-10,Groceries,5752.54
CUST-0086,2025-12-09,Shopping,151.85
CUST-0364,2025-12-09,Groceries,8559.03
CUST-0482,2025-12-09,Groceries,7378.72
CUST-0260,2025-12-09,Bills,6852.03
CUST-0128,2025-12-09,Shopping,1791.48
CUST-0500,2025-12-08,Transport,1988.99
CUST-0075,2025-12-08,Shopping,588.49
CUST-0414,2025-12-08,Shopping,791.11
CUST-0344,2025-12-08,Groceries,3522.21
CUST-0041,2025-12-08,Dining,3583.66
CUST-0153,2025-12-07,Travel,2854.21
CUST-0282,2025-12-07,Shopping,2388.18
CUST-0369,2025-12-07,Bills,1481.14
CUST-0367,2025-12-07,Entertainment,309.41
CUST-0243,2025-12-07,Groceries,3637.85
CUST-0396,2025-12-07,Bills,2247.62
CUST-0439,2025-12-07,Dining,772.69
CUST-0073,2025-12-07,Dining,238.97
CUST-0205,2025-12-06,Groceries,1182.48
CUST-0315,2025-12-06,Shopping,1596.49
CUST-0476,2025-12-06,Shopping,2561.65
CUST-0386,2025-12-06,Groceries,3217.91
CUST-0289,2025-12-06,Travel,1544.14
CUST-0151,2025-12-05,Groceries,488.67
CUST-0216,2025-12-05,Groceries,414.49
CUST-0087,2025-12-05,Entertainment,1051.62
CUST-0047,2025-12-05,Healthcare,1150.68
CUST-0127,2025-12-05,Healthcare,15539.78
CUST-0401,2025-12-05,Shopping,1422.85
CUST-0204,2025-12-05,Groceries,294.72
CUST-0086,2025-12-05,Travel,6221.26
CUST-0157,2025-12-04,Dining,1587.04
CUST-0101,2025-12-04,Transport,1769.41
CUST-0294,2025-12-04,Bills,3151.0
CUST-0376,2025-12-04,Healthcare,3165.33
CUST-0258,2025-12-04,Bills,2276.35
CUST-0459,2025-12-04,Groceries,984.47
CUST-0414,2025-12-04,Dining,6258.52
CUST-0148,2025-12-04,Bills,31275.26
CUST-0041,2025-12-04,Bills,755.65
CUST-0189,2025-12-04,Travel,23052.55
CUST-0014,2025-12-04,Dining,3149.36
CUST-0487,2025-12-03,Dining,3357.38
CUST-0260,2025-12-03,Bills,9203.41
CUST-0376,2025-12-03,Travel,1280.74
CUST-0070,2025-12-03,Shopping,4242.75
CUST-0121,2025-12-03,Shopping,4383.28
CUST-0225,2025-12-03,Shopping,456.76
CUST-0377,2025-12-03,Dining,1896.6
CUST-0048,2025-12-03,Travel,7293.57
CUST-0320,2025-12-03,Travel,809.08
CUST-0281,2025-12-03,Groceries,344.22
CUST-0417,2025-12-02,Bills,5657.98
CUST-0480,2025-12-02,Transport,7908.12
CUST-0028,2025-12-02,Bills,1238.26
CUST-0123,2025-12-02,Entertainment,936.07
CUST-0060,2025-12-02,Dining,1620.14
CUST-0241,2025-12-02,Dining,6500.21
CUST-0207,2025-12-02,Groceries,1166.88
CUST-0121,2025-12-02,Transport,2694.37
CUST-0022,2025-12-02,Travel,1024.59
CUST-0343,2025-12-02,Entertainment,643.36
CUST-0274,2025-12-02,Bills,914.5
CUST-0168,2025-12-02,Bills,1634.2
CUST-0382,2025-12-02,Travel,2197.51
CUST-0030,2025-12-01,Bills,971.03
CUST-0147,2025-12-01,Dining,5919.01
CUST-0339,2025-12-01,Transport,2325.78
CUST-0218,2025-12-01,Bills,740.54
CUST-0095,2025-12-01,Bills,3789.67
CUST-0232,2025-12-01,Bills,1453.1
CUST-0415,2025-12-01,Bills,2432.81
CUST-0092,2025-12-01,Shopping,2336.88
CUST-0164,2025-12-01,Transport,1594.34
CUST-0466,2025-11-30,Shopping,5110.7
CUST-0320,2025-11-30,Entertainment,1595.65
CUST-0187,2025-11-30,Travel,8869.33
CUST-0223,2025-11-30,Transport,5039.05
CUST-0399,2025-11-30,Groceries,4489.16
CUST-0196,2025-11-29,Bills,794.17
CUST-0253,2025-11-29,Bills,7255.52
CUST-0211,2025-11-29,Dining,788.68
CUST-0461,2025-11-29,Bills,4448.24
CUST-0494,2025-11-29,Healthcare,3353.58
CUST-0233,2025-11-29,Transport,2819.96
CUST-0033,2025-11-28,Dining,393.61
CUST-0419,2025-11-28,Travel,10566.03
CUST-0451,2025-11-28,Entertainment,2155.36
CUST-0248,2025-11-28,Healthcare,1518.91
CUST-0218,2025-11-28,Healthcare,1734.49
CUST-0495,2025-11-28,Transport,1998.61
CUST-0388,2025-11-27,Groceries,8489.66
CUST-0343,2025-11-27,Dining,2028.93
CUST-0396,2025-11-27,Healthcare,434.96
CUST-0158,2025-11-27,Shopping,14197.16
CUST-0319,2025-11-27,Entertainment,1314.3
CUST-0310,2025-11-27,Groceries,2510.62
CUST-0087,2025-11-27,Dining,4342.22
CUST-0244,2025-11-27,Dining,17132.84
CUST-0378,2025-11-27,Dining,219.3
CUST-0311,2025-11-27,Travel,862.15
CUST-0370,2025-11-27,Bills,7228.55
CUST-0215,2025-11-27,Shopping,3390.34
CUST-0119,2025-11-27,Transport,871.0
CUST-0295,2025-11-26,Dining,896.79
CUST-0139,2025-11-26,Travel,488.32
CUST-0449,2025-11-26,Groceries,1230.7
CUST-0373,2025-11-26,Transport,646.6
CUST-0081,2025-11-26,Dining,458.62
CUST-0365,2025-11-26,Shopping,1817.83
CUST-0409,2025-11-26,Dining,1078.29
CUST-0149,2025-11-26,Travel,1637.88
CUST-0403,2025-11-26,Transport,505.72
CUST-0445,2025-11-26,Dining,4987.47
CUST-0060,2025-11-25,Groceries,1814.65
CUST-0227,2025-11-25,Bills,6916.07
CUST-0095,2025-11-25,Transport,6995.17
CUST-0471,2025-11-25,Shopping,961.09
CUST-0472,2025-11-25,Entertainment,5652.79
CUST-0494,2025-11-24,Shopping,2384.71
CUST-0285,2025-11-24,Bills,471.37
CUST-0108,2025-11-24,Dining,5428.54
CUST-0391,2025-11-24,Transport,2064.57
CUST-0310,2025-11-24,Shopping,2115.0
CUST-0019,2025-11-24,Groceries,92.83
CUST-0127,2025-11-24,Dining,3463.41
CUST-0450,2025-11-24,Bills,7841.17
CUST-0139,2025-11-23,Entertainment,614.83
CUST-0447,2025-11-23,Bills,995.82
CUST-0059,2025-11-23,Transport,4530.1
CUST-0316,2025-11-23,Bills,591.13
CUST-0043,2025-11-23,Shopping,749.09
CUST-0096,2025-11-23,Dining,3446.17
CUST-0193,2025-11-23,Dining,939.04
CUST-0033,2025-11-23,Healthcare,877.17
CUST-0176,2025-11-23,Travel,6246.26
CUST-0027,2025-11-22,Groceries,606.14
CUST-0301,2025-11-22,Transport,721.88
CUST-0343,2025-11-22,Groceries,23030.06
CUST-0125,2025-11-22,Healthcare,10226.45
CUST-0098,2025-11-21,Dining,1397.68
CUST-0274,2025-11-21,Groceries,1586.92
CUST-0394,2025-11-21,Transport,1451.92
CUST-0341,2025-11-20,Shopping,2461.62
CUST-0112,2025-11-20,Groceries,7231.19
CUST-0135,2025-11-20,Transport,1232.7
CUST-0474,2025-11-20,Healthcare,1345.13
CUST-0223,2025-11-20,Groceries,7477.17
CUST-0175,2025-11-20,Transport,3685.69
CUST-0056,2025-11-20,Transport,584.67
CUST-0273,2025-11-20,Groceries,2841.87
CUST-0152,2025-11-20,Bills,3313.26
CUST-0137,2025-11-20,Healthcare,3354.92
CUST-0210,2025-11-19,Shopping,6655.47
CUST-0154,2025-11-19,Bills,20346.9
CUST-0498,2025-11-19,Transport,1393.11
CUST-0411,2025-11-19,Groceries,206.68
CUST-0401,2025-11-19,Healthcare,6314.32
CUST-0254,2025-11-19,Shopping,4566.8
CUST-0491,2025-11-19,Groceries,2450.96
CUST-0213,2025-11-18,Shopping,1054.74
CUST-0373,2025-11-18,Groceries,1708.75
CUST-0376,2025-11-18,Travel,4270.42
CUST-0114,2025-11-18,Groceries,1025.59
CUST-0042,2025-11-18,Healthcare,8170.4
CUST-0393,2025-11-18,Healthcare,1133.29
CUST-0032,2025-11-18,Bills,657.53
CUST-0274,2025-11-18,Bills,4840.05
CUST-0304,2025-11-17,Groceries,698.84
CUST-0468,2025-11-17,Bills,1256.24
CUST-0364,2025-11-17,Travel,1631.44
CUST-0001,2025-11-17,Groceries,35977.54
CUST-0444,2025-11-17,Bills,5238.72
CUST-0189,2025-11-16,Bills,528.43
CUST-0124,2025-11-16,Healthcare,3638.63
CUST-0391,2025-11-16,Travel,298.21
CUST-0255,2025-11-16,Shopping,7383.59
CUST-0187,2025-11-16,Healthcare,3349.14
CUST-0402,2025-11-16,Transport,5842.57
CUST-0085,2025-11-16,Dining,1907.35
CUST-0248,2025-11-16,Dining,385.98
CUST-0276,2025-11-15,Bills,1266.51
CUST-0182,2025-11-15,Shopping,6317.03
CUST-0273,2025-11-15,Transport,4712.19
CUST-0255,2025-11-15,Shopping,7423.98
CUST-0470,2025-11-14,Transport,866.12
CUST-0343,2025-11-14,Bills,8872.41
CUST-0238,2025-11-14,Shopping,5019.28
CUST-0439,2025-11-14,Dining,2215.56
CUST-0132,2025-11-14,Dining,4998.11
CUST-0263,2025-11-14,Shopping,3319.59
CUST-0258,2025-11-14,Travel,927.7
CUST-0311,2025-11-14,Dining,351.1
CUST-0015,2025-11-13,Shopping,556.84
CUST-0198,2025-11-13,Healthcare,1867.47
CUST-0453,2025-11-13,Shopping,12078.69
CUST-0235,2025-11-13,Shopping,650.49
CUST-0353,2025-11-13,Shopping,1087.04
CUST-0349,2025-11-13,Bills,1871.67
CUST-0157,2025-11-13,Bills,386.18
CUST-0254,2025-11-13,Travel,927.2
CUST-0123,2025-11-13,Groceries,5794.73
CUST-0415,2025-11-13,Travel,7063.22
CUST-0089,2025-11-13,Bills,3749.16
CUST-0148,2025-11-12,Travel,10271.61
CUST-0304,2025-11-12,Entertainment,4435.37
CUST-0234,2025-11-12,Groceries,1055.81
CUST-0268,2025-11-12,Groceries,426.09
CUST-0061,2025-11-12,Healthcare,5418.34
CUST-0478,2025-11-12,Bills,202.48
CUST-0403,2025-11-11,Bills,1921.42
CUST-0267,2025-11-11,Shopping,1078.06
CUST-0231,2025-11-11,Entertainment,6213.39
CUST-0307,2025-11-11,Groceries,626.67
CUST-0290,2025-11-11,Shopping,372.59
CUST-0429,2025-11-11,Healthcare,1189.69
CUST-0381,2025-11-11,Groceries,861.51
CUST-0479,2025-11-10,Dining,1414.36
CUST-0215,2025-11-10,Dining,572.85
CUST-0359,2025-11-10,Dining,3878.77
CUST-0014,2025-11-10,Bills,3794.98
CUST-0001,2025-11-10,Groceries,1023.11
CUST-0144,2025-11-10,Transport,1354.48
CUST-0018,2025-11-10,Bills,8729.61
CUST-0129,2025-11-10,Bills,423.13
CUST-0253,2025-11-10,Shopping,707.92
CUST-0469,2025-11-09,Transport,3894.05
CUST-0421,2025-11-09,Dining,7172.42
CUST-0038,2025-11-09,Groceries,1575.01
CUST-0453,2025-11-09,Groceries,5502.81
CUST-0272,2025-11-09,Groceries,11594.88
CUST-0127,2025-11-09,Travel,2290.47
CUST-0079,2025-11-09,Shopping,145.57
CUST-0090,2025-11-08,Groceries,1789.28
CUST-0325,2025-11-08,Shopping,546.14
CUST-0287,2025-11-08,Travel,4355.62
CUST-0427,2025-11-08,Bills,1216.0
CUST-0375,2025-11-08,Dining,5526.01
CUST-0384,2025-11-08,Travel,2968.38
CUST-0276,2025-11-08,Entertainment,588.23
CUST-0174,2025-11-07,Healthcare,1915.52
CUST-0436,2025-11-07,Bills,1204.84
CUST-0111,2025-11-07,Groceries,3344.42
CUST-0376,2025-11-07,Dining,121.33
CUST-0312,2025-11-07,Shopping,317.58
CUST-0479,2025-11-07,Bills,5804.16
CUST-0229,2025-11-07,Transport,1252.06
CUST-0233,2025-11-07,Dining,525.29
CUST-0496,2025-11-07,Dining,4886.89
CUST-0168,2025-11-07,Bills,2265.11
CUST-0174,2025-11-07,Bills,1311.53
CUST-0349,2025-11-07,Transport,2316.14
CUST-0500,2025-11-06,Transport,1301.57
CUST-0119,2025-11-06,Groceries,2093.92
CUST-0276,2025-11-06,Bills,154.37
CUST-0049,2025-11-06,Shopping,1930.18
CUST-0274,2025-11-06,Dining,1754.93
CUST-0451,2025-11-06,Travel,2195.72
CUST-0374,2025-11-06,Transport,2201.88
CUST-0080,2025-11-06,Travel,291.06
CUST-0306,2025-11-05,Dining,4294.62
CUST-0487,2025-11-05,Bills,641.51
CUST-0455,2025-11-05,Entertainment,2000.86
CUST-0059,2025-11-05,Dining,440.68
CUST-0433,2025-11-05,Dining,1200.0
CUST-0145,2025-11-05,Transport,167.3
CUST-0023,2025-11-05,Travel,1421.82
CUST-0480,2025-11-05,Healthcare,3332.28
CUST-0498,2025-11-05,Groceries,4912.84
CUST-0412,2025-11-04,Dining,1139.73
CUST-0179,2025-11-04,Entertainment,428.63
CUST-0264,2025-11-04,Entertainment,3388.63
CUST-0044,2025-11-04,Bills,2466.37
CUST-0208,2025-11-04,Shopping,3370.6
CUST-0177,2025-11-04,Travel,2430.35
CUST-0428,2025-11-04,Bills,1287.55
CUST-0331,2025-11-04,Groceries,1773.34
CUST-0175,2025-11-03,Healthcare,385.19
CUST-0134,2025-11-03,Dining,871.31
CUST-0282,2025-11-03,Bills,3520.72
CUST-0151,2025-11-02,Entertainment,984.02
CUST-0489,2025-11-02,Shopping,1298.5
CUST-0367,2025-11-02,Dining,1785.14
CUST-0453,2025-11-02,Groceries,1836.97
CUST-0342,2025-11-02,Shopping,380.86
CUST-0308,2025-11-01,Groceries,4179.35
CUST-0277,2025-11-01,Transport,309.08
CUST-0284,2025-11-01,Shopping,1455.17
CUST-0164,2025-11-01,Bills,5391.22
CUST-0188,2025-11-01,Shopping,1004.46
CUST-0252,2025-11-01,Dining,352.14
CUST-0261,2025-11-01,Groceries,1179.6
CUST-0476,2025-11-01,Dining,259.84
CUST-0441,2025-11-01,Entertainment,655.45
CUST-0218,2025-10-31,Bills,2370.63
CUST-0331,2025-10-31,Travel,305.99
CUST-0443,2025-10-31,Shopping,7310.13
CUST-0329,2025-10-31,Shopping,616.67
CUST-0265,2025-10-31,Groceries,595.6
CUST-0092,2025-10-31,Healthcare,1485.27
CUST-0250,2025-10-31,Shopping,5149.2
CUST-0391,2025-10-30,Dining,842.16
CUST-0209,2025-10-30,Entertainment,1128.92
CUST-0087,2025-10-30,Transport,3846.02
CUST-0478,2025-10-30,Bills,1792.4
CUST-0231,2025-10-30,Travel,845.79
CUST-0369,2025-10-30,Shopping,686.16
CUST-0019,2025-10-30,Groceries,1606.86
CUST-0251,2025-10-29,Bills,8462.75
CUST-0495,2025-10-29,Bills,1277.0
CUST-0089,2025-10-29,Shopping,6984.4
CUST-0187,2025-10-29,Healthcare,7195.58
CUST-0398,2025-10-29,Travel,4175.68
CUST-0369,2025-10-29,Bills,1529.92
CUST-0340,2025-10-29,Groceries,2017.87
CUST-0262,2025-10-29,Healthcare,759.15
CUST-0179,2025-10-28,Dining,2443.76
CUST-0401,2025-10-28,Entertainment,1451.76
CUST-0263,2025-10-28,Dining,918.7
CUST-0377,2025-10-28,Groceries,1525.86
CUST-0194,2025-10-28,Dining,1025.87
CUST-0194,2025-10-28,Shopping,883.72
CUST-0420,2025-10-27,Groceries,8163.08
CUST-0101,2025-10-27,Dining,858.3
CUST-0037,2025-10-27,Dining,603.43
CUST-0410,2025-10-27,Groceries,1362.41
CUST-0040,2025-10-27,Bills,3988.06
CUST-0085,2025-10-27,Groceries,606.82
CUST-0228,2025-10-26,Groceries,2437.5
CUST-0023,2025-10-26,Shopping,848.98
CUST-0489,2025-10-26,Shopping,718.15
CUST-0102,2025-10-26,Entertainment,1896.58
CUST-0387,2025-10-26,Dining,947.43
CUST-0215,2025-10-25,Groceries,2533.03
CUST-0395,2025-10-25,Dining,2703.68
CUST-0265,2025-10-25,Dining,1515.73
CUST-0324,2025-10-25,Dining,4170.62
CUST-0376,2025-10-24,Shopping,701.37
CUST-0322,2025-10-24,Dining,1553.81
CUST-0483,2025-10-24,Groceries,5141.04
CUST-0466,2025-10-24,Shopping,1656.7
CUST-0063,2025-10-24,Bills,2205.75
CUST-0070,2025-10-24,Dining,801.8
CUST-0300,2025-10-24,Shopping,760.24
CUST-0035,2025-10-24,Dining,21169.68
CUST-0319,2025-10-24,Groceries,1536.2
CUST-0142,2025-10-23,Bills,1246.52
CUST-0167,2025-10-23,Shopping,479.32
CUST-0415,2025-10-23,Shopping,571.39
CUST-0275,2025-10-23,Travel,1407.58
CUST-0376,2025-10-23,Entertainment,2275.1
CUST-0447,2025-10-23,Dining,1052.85
CUST-0409,2025-10-23,Bills,730.21
CUST-0365,2025-10-23,Bills,13942.87
CUST-0220,2025-10-23,Transport,1855.64
CUST-0336,2025-10-23,Transport,1614.59
CUST-0406,2025-10-23,Healthcare,175.71
CUST-0431,2025-10-22,Groceries,2243.21
CUST-0234,2025-10-22,Groceries,1447.37
CUST-0208,2025-10-22,Shopping,1813.49
CUST-0318,2025-10-22,Healthcare,1002.09
CUST-0214,2025-10-22,Travel,2858.48
CUST-0131,2025-10-22,Groceries,2713.85
CUST-0130,2025-10-22,Dining,1143.05
CUST-0216,2025-10-21,Travel,9331.21
CUST-0242,2025-10-21,Bills,4873.52
CUST-0171,2025-10-20,Bills,2172.49
CUST-0380,2025-10-20,Travel,1316.86
CUST-0420,2025-10-20,Healthcare,445.68
CUST-0341,2025-10-20,Shopping,6289.33
CUST-0253,2025-10-20,Shopping,397.49
CUST-0007,2025-10-20,Bills,959.28
CUST-0385,2025-10-20,Entertainment,1126.38
CUST-0137,2025-10-20,Entertainment,7151.71
CUST-0076,2025-10-20,Groceries,611.7
CUST-0101,2025-10-20,Travel,1011.28
CUST-0174,2025-10-20,Healthcare,737.8
CUST-0271,2025-10-19,Shopping,6538.66
CUST-0147,2025-10-19,Transport,1782.15
CUST-0257,2025-10-19,Transport,9359.12
CUST-0139,2025-10-19,Healthcare,2130.53
CUST-0351,2025-10-19,Transport,1319.2
CUST-0054,2025-10-19,Transport,382.42
CUST-0180,2025-10-19,Dining,625.05
CUST-0220,2025-10-19,Healthcare,1039.34
CUST-0396,2025-10-19,Groceries,5155.3
CUST-0051,2025-10-18,Groceries,1497.97
CUST-0367,2025-10-18,Groceries,1488.04
CUST-0331,2025-10-18,Dining,431.86
CUST-0099,2025-10-18,Dining,1530.87
CUST-0332,2025-10-18,Transport,2334.09
CUST-0167,2025-10-18,Travel,3040.98
CUST-0144,2025-10-18,Groceries,646.65
CUST-0171,2025-10-18,Transport,406.96
CUST-0081,2025-10-17,Shopping,1315.69
CUST-0229,2025-10-17,Dining,5954.38
CUST-0231,2025-10-17,Travel,337.16
CUST-0191,2025-10-17,Shopping,467.68
CUST-0296,2025-10-17,Dining,743.39
CUST-0185,2025-10-17,Shopping,12032.38
CUST-0219,2025-10-17,Groceries,1755.93
CUST-0444,2025-10-17,Dining,4600.25
CUST-0230,2025-10-17,Bills,2567.61
CUST-0080,2025-10-16,Groceries,1323.42
CUST-0041,2025-10-16,Dining,2398.98
CUST-0444,2025-10-16,Bills,2375.08
CUST-0469,2025-10-16,Shopping,975.61
CUST-0346,2025-10-15,Shopping,2638.44
CUST-0262,2025-10-15,Travel,3927.9
CUST-0213,2025-10-15,Bills,498.49
CUST-0015,2025-10-15,Entertainment,1729.39
CUST-0433,2025-10-15,Bills,5861.36
CUST-0098,2025-10-15,Bills,1571.12
CUST-0435,2025-10-15,Shopping,977.68
CUST-0214,2025-10-15,Shopping,2185.69
CUST-0226,2025-10-15,Transport,1537.78
CUST-0154,2025-10-15,Entertainment,445.8
CUST-0370,2025-10-15,Bills,159.02
CUST-0335,2025-10-14,Shopping,3338.01
CUST-0362,2025-10-14,Shopping,672.04
CUST-0462,2025-10-14,Transport,3505.99
CUST-0497,2025-10-14,Dining,4190.02
CUST-0204,2025-10-14,Shopping,423.91
CUST-0251,2025-10-14,Bills,19154.46
CUST-0232,2025-10-14,Bills,1289.97
CUST-0408,2025-10-14,Shopping,3925.95
CUST-0072,2025-10-14,Healthcare,638.22
CUST-0095,2025-10-14,Dining,5506.63
CUST-0233,2025-10-14,Groceries,2416.17
CUST-0168,2025-10-13,Groceries,6393.86
CUST-0397,2025-10-13,Dining,854.53
CUST-0468,2025-10-13,Healthcare,15724.82
CUST-0267,2025-10-13,Dining,3157.79
CUST-0270,2025-10-13,Dining,8136.24
CUST-0130,2025-10-13,Travel,2286.16
CUST-0481,2025-10-13,Bills,3611.86
CUST-0100,2025-10-12,Dining,1256.11
CUST-0224,2025-10-12,Dining,8420.84
CUST-0168,2025-10-12,Travel,501.42
CUST-0263,2025-10-12,Dining,1070.65
CUST-0250,2025-10-12,Shopping,2505.37
CUST-0270,2025-10-12,Travel,626.31
CUST-0247,2025-10-12,Dining,33236.66
CUST-0373,2025-10-12,Groceries,3518.75
CUST-0485,2025-10-12,Shopping,1609.38
CUST-0493,2025-10-12,Groceries,4783.36
CUST-0490,2025-10-12,Shopping,6813.73
CUST-0337,2025-10-12,Shopping,2941.5
CUST-0478,2025-10-12,Travel,1809.86
CUST-0184,2025-10-12,Shopping,124.96
CUST-0131,2025-10-12,Entertainment,6173.99
CUST-0179,2025-10-12,Travel,2450.32
CUST-0473,2025-10-12,Entertainment,353.44
CUST-0103,2025-10-11,Travel,13022.89
CUST-0115,2025-10-11,Travel,1096.46
CUST-0479,2025-10-11,Groceries,282.32
CUST-0005,2025-10-11,Bills,807.81
CUST-0145,2025-10-11,Bills,6987.95
CUST-0410,2025-10-10,Travel,7643.77
CUST-0230,2025-10-10,Transport,3281.72
CUST-0468,2025-10-10,Travel,1258.55
CUST-0279,2025-10-10,Dining,4199.34
CUST-0238,2025-10-10,Bills,1493.72
CUST-0180,2025-10-10,Transport,2736.08
CUST-0202,2025-10-10,Shopping,743.06
CUST-0200,2025-10-10,Entertainment,853.23
CUST-0059,2025-10-10,Travel,4388.43
CUST-0328,2025-10-10,Bills,2071.2
CUST-0099,2025-10-09,Transport,1312.73
CUST-0395,2025-10-09,Transport,3943.43
CUST-0414,2025-10-09,Shopping,662.95
CUST-0268,2025-10-09,Transport,438.81
CUST-0329,2025-10-09,Transport,1405.68
CUST-0416,2025-10-09,Healthcare,2509.05
CUST-0179,2025-10-08,Transport,16093.83
CUST-0497,2025-10-08,Dining,316.08
CUST-0437,2025-10-08,Bills,694.53
CUST-0268,2025-10-08,Shopping,243.32
CUST-0408,2025-10-08,Travel,1509.28
CUST-0152,2025-10-08,Groceries,933.99
CUST-0166,2025-10-08,Entertainment,2806.98
CUST-0274,2025-10-08,Groceries,1889.99
CUST-0090,2025-10-07,Bills,8393.17
CUST-0121,2025-10-07,Shopping,3910.24
CUST-0083,2025-10-07,Healthcare,148.36
CUST-0222,2025-10-07,Bills,2222.43
CUST-0496,2025-10-07,Travel,4408.13
CUST-0453,2025-10-07,Entertainment,3466.3
CUST-0346,2025-10-07,Shopping,13076.94
CUST-0394,2025-10-06,Bills,2740.71
CUST-0342,2025-10-06,Groceries,4177.05
CUST-0143,2025-10-06,Dining,1114.89
CUST-0216,2025-10-06,Healthcare,3382.65
CUST-0267,2025-10-06,Entertainment,5651.61
CUST-0144,2025-10-06,Bills,6053.35
CUST-0290,2025-10-06,Dining,1342.77
CUST-0264,2025-10-06,Shopping,1523.64
CUST-0451,2025-10-06,Travel,1194.25
CUST-0059,2025-10-06,Bills,554.65
